Satellite_Image_ID,Temperature_C,Humidity_%,Wind_Speed_m_s,Wind_Direction,Emission_Level_ppm,Topography_Type,Gas_Concentration_ppm_t+0min,Gas_Concentration_ppm_t+10min,Gas_Concentration_ppm_t+20min,Gas_Concentration_ppm_t+30min,Gas_Concentration_ppm_t+40min,Gas_Concentration_ppm_t+50min,Gas_Concentration_ppm_t+60min,Gas_Concentration_ppm_t+70min,Gas_Concentration_ppm_t+80min,Gas_Concentration_ppm_t+90min,Gas_Concentration_ppm_t+100min,Gas_Concentration_ppm_t+110min,Gas_Concentration_ppm_t+120min,Gas_Concentration_ppm_t+130min,Gas_Concentration_ppm_t+140min,Gas_Concentration_ppm_t+150min,Gas_Concentration_ppm_t+160min,Gas_Concentration_ppm_t+170min,Gas_Concentration_ppm_t+180min,Gas_Concentration_ppm_t+190min,Gas_Concentration_ppm_t+200min,Gas_Concentration_ppm_t+210min,Gas_Concentration_ppm_t+220min,Gas_Concentration_ppm_t+230min,Gas_Concentration_ppm_t+240min,Gas_Concentration_ppm_t+250min,Gas_Concentration_ppm_t+260min,Gas_Concentration_ppm_t+270min,Gas_Concentration_ppm_t+280min,Gas_Concentration_ppm_t+290min,Gas_Concentration_ppm_t+300min,Gas_Concentration_ppm_t+310min,Gas_Concentration_ppm_t+320min,Gas_Concentration_ppm_t+330min,Gas_Concentration_ppm_t+340min,Gas_Concentration_ppm_t+350min,Gas_Concentration_ppm_t+360min,Gas_Concentration_ppm_t+370min,Gas_Concentration_ppm_t+380min,Gas_Concentration_ppm_t+390min,Gas_Concentration_ppm_t+400min,Gas_Concentration_ppm_t+410min,Gas_Concentration_ppm_t+420min,Gas_Concentration_ppm_t+430min,Gas_Concentration_ppm_t+440min,Gas_Concentration_ppm_t+450min,Gas_Concentration_ppm_t+460min,Gas_Concentration_ppm_t+470min,Gas_Concentration_ppm_t+480min,Gas_Concentration_ppm_t+490min,Gas_Concentration_ppm_t+500min,Gas_Concentration_ppm_t+510min,Gas_Concentration_ppm_t+520min,Gas_Concentration_ppm_t+530min,Gas_Concentration_ppm_t+540min,Gas_Concentration_ppm_t+550min,Gas_Concentration_ppm_t+560min,Gas_Concentration_ppm_t+570min,Gas_Concentration_ppm_t+580min,Gas_Concentration_ppm_t+590min,Gas_Concentration_ppm_t+600min,Gas_Concentration_ppm_t+610min,Gas_Concentration_ppm_t+620min,Gas_Concentration_ppm_t+630min,Gas_Concentration_ppm_t+640min,Gas_Concentration_ppm_t+650min,Gas_Concentration_ppm_t+660min,Gas_Concentration_ppm_t+670min,Gas_Concentration_ppm_t+680min,Gas_Concentration_ppm_t+690min,Gas_Concentration_ppm_t+700min,Gas_Concentration_ppm_t+710min,Gas_Concentration_ppm_t+720min,Gas_Concentration_ppm_t+730min,Gas_Concentration_ppm_t+740min,Gas_Concentration_ppm_t+750min,Gas_Concentration_ppm_t+760min,Gas_Concentration_ppm_t+770min,Gas_Concentration_ppm_t+780min,Gas_Concentration_ppm_t+790min,Gas_Concentration_ppm_t+800min,Gas_Concentration_ppm_t+810min,Gas_Concentration_ppm_t+820min,Gas_Concentration_ppm_t+830min,Gas_Concentration_ppm_t+840min,Gas_Concentration_ppm_t+850min,Gas_Concentration_ppm_t+860min,Gas_Concentration_ppm_t+870min,Gas_Concentration_ppm_t+880min,Gas_Concentration_ppm_t+890min,Gas_Concentration_ppm_t+900min,Gas_Concentration_ppm_t+910min,Gas_Concentration_ppm_t+920min,Gas_Concentration_ppm_t+930min,Gas_Concentration_ppm_t+940min,Gas_Concentration_ppm_t+950min,Gas_Concentration_ppm_t+960min,Gas_Concentration_ppm_t+970min,Gas_Concentration_ppm_t+980min,Gas_Concentration_ppm_t+990min
IMG001,22.5,53,8.0,NE,177,Hills,385,346,127,303,383,267,154,398,385,247,363,266,184,290,274,293,260,235,330,232,398,290,274,137,385,378,212,249,220,254,342,314,372,322,207,181,250,148,143,268,400,247,145,355,233,145,226,257,393,224,321,137,133,317,123,137,349,236,381,311,225,204,180,233,252,368,192,289,394,288,251,392,160,157,283,312,308,334,205,172,127,332,229,240,366,395,187,357,251,379,284,315,202,132,130,355,338,388,308,290
IMG002,34.0,81,2.7,E,317,Mountains,281,158,198,297,269,396,188,295,329,320,245,231,202,144,174,383,264,358,359,120,222,308,390,294,161,287,221,365,140,341,351,325,313,255,130,283,186,158,353,323,294,354,127,319,369,145,253,245,356,146,330,390,253,292,155,212,244,309,238,123,377,372,283,279,219,135,216,247,344,294,212,353,394,347,190,126,190,328,336,395,378,219,252,378,270,286,306,175,326,167,396,362,399,387,285,393,125,398,270,151
IMG003,29.6,40,4.4,NW,400,Forest,206,148,146,270,155,351,168,269,170,246,131,222,273,370,301,230,285,267,158,385,270,198,366,348,350,295,285,291,177,275,152,212,295,123,306,175,208,219,294,386,302,160,123,346,178,153,395,349,334,376,253,172,195,147,297,267,397,165,287,194,315,191,132,339,291,194,280,293,187,388,370,301,204,253,341,255,382,140,185,351,174,264,247,329,232,270,358,290,181,373,376,296,251,385,315,349,228,181,342,382
IMG004,27.0,78,0.8,S,172,Mountains,174,364,293,245,327,347,193,392,237,376,135,165,385,372,329,306,197,128,387,327,276,265,138,345,129,175,278,183,299,261,395,264,152,274,333,230,219,292,278,121,311,300,140,352,322,383,274,139,268,392,185,171,203,253,376,291,390,285,308,360,264,342,391,288,238,225,331,145,303,323,129,265,208,315,245,138,165,368,376,331,155,129,267,313,388,160,337,153,251,193,251,249,120,135,350,142,185,173,247,334
IMG005,18.1,37,0.3,W,381,Mountains,297,355,169,353,225,258,311,227,320,283,327,390,198,326,194,388,381,169,326,229,325,301,145,203,247,227,133,150,139,277,289,205,177,291,134,337,308,136,137,297,368,276,268,385,358,257,396,168,226,256,399,335,277,146,136,170,134,322,370,149,339,395,327,131,294,255,195,180,314,185,170,169,161,220,264,258,343,147,254,127,125,163,173,187,276,154,227,249,160,285,177,264,235,211,266,283,129,188,367,165
IMG006,18.1,65,9.6,N,348,Mountains,127,304,318,127,277,330,380,258,158,154,162,314,269,148,396,348,282,124,386,319,298,369,336,365,298,260,344,166,374,381,259,272,320,166,385,359,360,175,163,313,354,178,144,205,353,302,355,254,260,151,147,191,213,157,318,138,361,352,348,262,293,383,365,361,149,193,262,186,161,178,248,222,239,194,295,296,369,330,174,241,161,370,198,233,278,350,157,249,320,379,376,202,321,367,357,400,321,361,170,308
IMG007,16.2,67,8.4,NE,146,Hills,366,391,300,248,240,147,189,390,147,313,254,399,167,236,252,275,133,245,273,131,316,315,273,229,312,274,192,249,157,348,320,121,147,213,192,140,389,345,274,315,202,368,262,221,214,361,359,148,195,164,236,147,213,315,167,239,272,364,309,302,335,365,252,258,174,373,153,145,270,338,368,152,398,327,271,130,195,139,362,161,169,346,216,339,344,334,395,270,218,123,260,207,259,138,132,126,333,389,310,393
IMG008,32.3,69,7.0,NE,220,Forest,374,355,143,383,174,170,209,331,378,310,347,159,367,263,178,308,358,194,161,307,342,190,273,373,211,381,368,229,267,399,142,379,154,167,171,260,338,165,350,368,212,311,364,333,260,173,132,167,128,384,233,371,176,322,181,344,172,328,243,135,212,180,363,216,315,137,123,202,203,385,221,208,152,202,301,160,193,139,371,352,231,368,368,339,133,220,129,262,166,238,293,139,265,222,338,329,187,371,356,190
IMG009,27.0,49,4.1,NW,313,Mountains,173,358,165,276,131,380,379,391,203,223,230,308,397,144,301,391,191,284,130,273,208,367,293,207,350,392,210,188,144,287,343,283,244,359,247,384,295,186,344,331,387,143,162,227,232,287,154,388,315,149,194,154,283,204,188,185,268,367,203,230,379,378,157,266,160,162,217,179,253,260,202,360,395,262,204,233,261,239,140,189,265,288,246,337,228,176,145,237,256,392,294,349,385,214,376,372,366,190,141,207
IMG010,29.2,64,1.7,SW,338,Forest,368,385,134,124,264,380,245,185,274,142,279,283,217,275,183,121,262,397,217,398,395,265,211,191,197,351,335,177,240,166,389,125,161,332,147,258,352,316,336,272,239,199,304,284,228,238,166,122,399,203,321,320,217,149,266,260,338,277,334,320,182,126,175,301,292,169,336,158,149,355,310,385,272,175,240,299,192,216,282,135,349,249,149,356,215,334,167,323,249,345,328,245,321,332,121,252,169,219,229,380
IMG011,15.4,77,1.6,NE,155,Forest,358,184,272,205,255,127,350,367,236,384,383,143,144,192,379,365,388,196,394,290,355,225,300,149,204,360,209,225,145,322,272,268,204,258,184,189,270,261,175,277,190,253,161,210,216,262,333,377,237,285,178,368,135,218,281,308,232,120,356,226,148,307,167,176,338,122,147,242,128,337,262,342,209,330,248,313,221,239,383,188,330,138,143,213,314,275,133,354,314,189,323,170,271,156,329,393,136,180,152,301
IMG012,34.4,54,2.5,E,206,Hills,348,296,341,294,122,257,248,275,121,379,344,143,187,239,312,329,360,256,349,253,302,382,250,291,149,377,148,375,288,333,204,324,307,324,136,237,396,142,150,258,136,332,211,311,135,200,265,135,180,120,134,218,197,309,346,277,396,336,232,281,394,123,224,161,327,351,320,396,289,134,356,355,223,298,125,315,213,144,187,172,149,354,320,372,177,183,219,136,236,301,126,207,341,180,344,225,130,222,246,141
IMG013,31.6,64,5.5,S,147,Mountains,186,122,325,312,263,157,399,166,212,194,336,123,126,212,262,132,364,225,339,144,328,189,394,296,332,368,339,290,344,365,228,237,230,192,257,317,348,213,178,340,372,285,172,205,163,364,278,213,170,368,350,259,191,131,349,217,202,368,336,388,189,350,178,318,277,338,392,310,287,257,396,272,131,177,302,344,188,272,226,292,235,120,250,334,273,181,306,201,188,383,170,289,198,363,313,351,243,238,163,193
IMG014,19.2,54,7.1,S,160,Mountains,170,261,392,238,149,230,219,320,285,191,164,300,256,205,223,215,282,214,184,137,249,312,392,258,168,196,334,281,120,143,150,208,390,123,348,324,290,361,354,392,241,190,203,341,349,181,244,253,171,380,224,202,389,210,297,277,337,188,365,274,398,252,196,150,347,178,246,271,264,351,288,176,279,192,157,380,184,364,186,381,345,249,241,377,183,181,131,133,147,300,378,182,319,125,315,152,344,136,126,209
IMG015,18.6,58,6.6,W,125,Forest,216,277,355,337,356,339,301,267,377,378,333,367,283,237,333,340,179,254,351,309,272,187,195,313,384,299,340,190,380,393,348,273,224,195,373,333,342,356,226,273,129,333,153,220,227,165,229,252,241,182,284,167,185,149,175,365,345,149,156,192,350,244,337,299,204,183,321,352,347,208,263,231,315,334,235,235,312,379,318,134,178,146,269,359,277,213,398,200,133,124,297,208,369,284,379,198,363,310,247,285
IMG016,18.7,47,2.8,NW,391,Grassland,211,265,347,233,398,342,293,243,200,307,178,235,202,352,361,357,125,187,171,260,132,171,296,305,264,185,161,374,132,163,359,286,160,196,329,175,332,173,310,368,392,184,195,345,336,206,156,151,286,283,318,397,187,332,197,355,389,234,183,316,374,134,174,121,292,189,128,265,195,196,303,134,381,385,221,269,181,123,311,389,195,121,133,333,384,145,286,326,165,316,150,308,218,132,176,154,148,331,210,353
IMG017,21.1,75,9.5,N,356,Hills,383,272,128,264,234,255,307,120,387,292,251,398,257,318,328,213,316,266,382,162,241,128,303,337,188,290,254,174,167,275,260,280,334,375,350,294,160,257,137,398,329,340,316,179,379,218,396,388,127,320,154,367,312,157,389,152,134,127,338,362,291,132,174,257,364,261,207,390,342,255,164,388,210,192,127,237,139,262,121,286,335,369,148,217,240,240,241,323,135,166,273,309,332,144,232,229,178,197,249,248
IMG018,25.5,47,7.4,SW,107,Hills,215,312,285,145,223,375,176,366,354,164,223,188,192,325,212,388,177,278,386,265,339,370,250,283,177,141,161,122,213,318,275,389,190,221,360,247,241,391,345,395,337,304,207,369,315,172,133,144,164,341,281,296,174,179,325,360,384,394,153,205,299,237,248,224,292,321,138,253,296,229,362,233,316,390,337,284,360,339,376,182,251,341,169,135,130,169,214,391,328,159,174,208,262,343,332,182,262,165,136,214
IMG019,23.6,31,5.5,N,212,Hills,207,192,333,255,237,168,150,247,332,180,314,373,356,266,261,290,336,282,273,211,225,303,168,280,304,226,283,145,380,281,218,175,175,225,189,345,346,160,286,121,360,326,354,167,214,311,351,178,364,271,364,171,287,262,400,394,318,155,158,378,383,359,204,337,331,326,200,290,308,210,387,371,188,353,326,371,322,279,120,380,200,257,359,273,333,371,144,151,277,241,275,145,309,242,398,297,345,212,305,147
IMG020,20.8,83,6.1,NE,352,Hills,197,259,236,351,124,197,203,310,181,202,276,300,165,390,231,213,145,308,259,298,189,298,174,132,181,346,177,245,397,353,166,347,355,158,223,183,207,217,190,207,319,218,351,236,175,199,243,332,226,251,138,198,144,299,347,190,277,163,186,268,302,382,333,341,203,340,226,147,165,309,372,261,339,138,197,386,314,195,234,240,186,394,275,135,281,155,136,142,346,254,163,295,171,248,363,351,283,132,229,154
IMG021,27.2,64,4.2,NW,279,Mountains,239,306,191,195,367,224,271,186,168,242,217,288,225,258,178,268,124,214,170,175,314,317,273,208,285,335,144,172,324,282,186,268,400,394,323,167,386,302,173,249,335,361,126,346,151,135,398,275,146,233,399,183,250,231,358,335,326,274,328,309,324,125,234,224,292,365,349,255,136,192,331,233,333,232,174,163,181,218,207,359,349,260,256,317,224,219,148,221,360,259,200,383,231,241,236,223,203,347,282,350
IMG022,17.8,45,2.5,W,306,Mountains,284,180,183,120,240,288,155,123,246,135,345,368,381,300,162,231,139,300,236,274,305,247,319,161,290,188,192,317,304,235,181,165,224,207,172,321,148,247,364,197,324,277,157,152,350,313,230,395,312,336,301,127,221,349,201,198,293,196,271,336,368,350,168,246,302,200,231,360,185,292,296,144,265,182,347,300,226,299,316,226,396,375,273,227,266,255,191,281,177,272,285,161,254,154,206,154,236,136,194,244
IMG023,20.8,90,3.6,N,226,Grassland,301,317,324,266,268,336,332,262,342,185,324,307,295,149,326,174,317,306,165,279,218,139,237,329,182,203,248,307,294,212,228,263,281,330,173,179,366,348,195,379,335,217,171,163,128,260,243,329,181,315,266,333,382,140,369,288,303,197,318,205,332,149,186,384,252,370,339,347,380,154,140,374,352,303,207,196,244,246,211,299,191,214,200,142,301,313,389,217,249,147,149,238,231,202,382,313,323,181,318,198
IMG024,22.3,70,7.6,E,155,Hills,342,130,328,261,203,238,225,310,398,264,198,173,285,176,387,235,178,257,207,230,201,184,382,348,266,222,206,305,188,161,286,357,310,196,395,376,363,205,154,360,199,161,262,284,310,227,149,176,181,400,295,144,239,264,312,299,384,220,208,335,278,141,394,319,381,170,242,153,242,329,171,387,353,396,129,235,386,151,393,135,328,292,206,161,156,340,369,263,336,196,255,288,132,301,232,293,264,162,301,180
IMG025,24.1,65,0.1,S,313,Hills,126,181,191,172,350,309,339,140,396,281,243,257,264,351,237,262,361,249,327,256,194,301,165,394,280,158,272,323,223,329,156,391,128,196,150,184,180,375,386,260,386,258,340,344,319,384,234,304,240,321,282,375,350,265,225,235,365,149,367,237,219,275,248,371,388,323,363,121,350,252,352,245,333,281,283,186,321,384,279,334,391,176,383,156,201,398,263,223,133,294,133,227,392,195,283,221,146,187,216,336
IMG026,30.7,62,1.2,NE,113,Forest,382,345,396,188,280,374,282,346,226,353,337,287,173,265,139,320,265,313,388,351,311,360,308,398,260,132,301,130,365,325,238,239,179,147,254,358,266,328,240,347,154,346,359,323,280,328,209,173,399,254,294,362,280,285,308,379,155,158,198,206,231,237,148,134,316,144,297,314,244,317,242,369,180,362,358,132,281,132,292,196,263,221,377,284,131,174,393,290,362,168,225,266,352,223,123,204,136,331,170,282
IMG027,19.0,33,0.5,W,127,Mountains,280,272,393,209,391,385,339,236,265,263,123,222,297,167,341,299,392,392,208,339,333,143,248,370,216,300,244,265,280,339,205,339,344,364,177,157,293,334,144,282,137,191,262,291,206,284,331,328,158,353,166,317,280,259,395,379,378,358,151,159,285,312,152,345,144,160,184,213,231,151,219,172,197,264,263,211,231,321,152,344,370,288,304,235,123,229,342,183,264,393,194,295,163,351,237,320,182,322,153,176
IMG028,25.3,62,0.4,N,177,Hills,270,318,214,339,157,268,389,261,218,307,209,204,363,313,285,321,368,263,237,187,263,202,168,327,340,387,186,204,319,399,171,127,307,185,224,144,397,219,279,355,284,362,168,131,140,271,157,371,396,260,375,213,197,322,193,124,138,132,206,280,155,314,238,224,260,188,122,254,391,255,333,162,214,265,137,365,151,137,192,212,298,189,299,269,162,268,194,363,222,146,198,308,192,162,142,292,386,333,140,310
IMG029,26.8,43,8.6,SW,315,Grassland,204,171,285,311,345,283,239,158,192,132,223,331,246,343,250,172,133,135,173,368,335,304,144,259,162,132,125,219,335,255,210,394,189,385,385,178,261,168,203,247,132,137,396,240,195,387,202,231,213,315,293,326,157,363,129,227,142,241,158,310,231,287,299,352,342,123,326,323,200,367,254,285,335,200,190,386,217,212,315,300,199,168,305,125,170,384,221,190,336,340,313,279,380,212,352,148,183,228,303,251
IMG030,15.9,50,7.0,E,253,Grassland,266,379,151,182,261,259,301,371,241,303,238,122,390,255,275,299,132,364,235,125,134,218,385,399,227,239,244,223,331,225,323,185,288,324,129,277,163,320,233,319,321,196,390,363,260,270,146,125,234,162,222,134,147,232,242,236,223,263,220,144,206,358,270,338,139,359,140,369,365,265,337,161,332,162,294,258,366,399,206,293,176,124,242,151,380,281,139,393,183,241,215,193,350,263,209,175,158,213,183,161
IMG031,27.2,77,4.7,E,113,Mountains,231,178,130,192,270,377,225,326,149,230,252,298,251,141,303,256,163,226,237,399,336,181,237,153,385,176,172,165,135,237,357,198,181,177,372,176,263,377,342,150,348,164,133,271,245,326,336,310,295,176,240,297,219,320,335,132,360,291,363,271,302,363,252,396,366,150,134,266,334,262,207,295,319,295,367,363,380,179,343,338,293,321,215,264,253,306,236,244,277,188,159,137,152,373,374,135,249,344,243,292
IMG032,18.4,49,1.0,N,286,Grassland,155,191,336,280,233,388,336,329,307,334,215,157,212,125,209,301,138,207,379,213,154,141,263,137,214,159,185,163,324,356,274,205,133,320,275,167,174,297,285,257,120,259,134,271,370,374,334,398,240,261,264,194,243,378,159,261,323,366,351,214,204,188,304,380,320,236,325,373,354,353,399,186,150,188,312,392,310,333,163,262,357,321,212,296,206,248,293,226,281,190,375,259,187,197,211,259,234,344,220,286
IMG033,16.3,85,4.9,S,106,Grassland,307,267,221,288,356,300,324,234,314,239,262,358,192,323,213,120,182,248,194,388,302,331,319,176,381,247,201,397,158,219,359,243,283,344,277,175,280,364,310,140,336,296,353,307,203,260,340,132,132,329,161,223,211,374,312,307,372,366,187,165,388,214,253,309,234,314,321,295,201,163,159,185,254,175,387,310,148,219,257,378,285,298,122,296,175,227,292,267,137,269,226,234,135,382,274,185,164,358,238,369
IMG034,34.0,37,4.7,N,102,Mountains,201,182,386,208,185,279,189,344,275,174,147,288,367,358,132,163,358,123,126,316,389,245,276,231,190,292,206,300,208,380,255,321,364,261,156,184,317,242,294,353,153,341,182,132,167,215,134,163,282,191,148,287,374,142,246,400,261,164,311,257,284,196,296,317,308,209,239,244,195,151,359,202,202,238,323,216,167,120,389,166,203,176,121,180,336,187,123,311,335,306,136,344,269,189,234,266,335,237,197,312
IMG035,34.3,36,1.7,NE,210,Hills,121,362,333,295,377,345,163,253,291,146,397,149,392,304,349,346,219,214,241,144,219,161,253,124,338,154,121,306,375,222,183,269,127,203,238,387,278,290,120,321,385,211,315,210,197,346,378,224,394,343,392,234,216,365,190,234,262,372,147,283,209,290,141,396,145,297,256,370,134,350,255,224,166,323,242,324,369,162,155,124,167,305,267,196,187,185,267,345,168,365,134,165,221,268,326,277,207,210,300,397
IMG036,31.2,32,4.3,N,337,Hills,316,226,298,388,368,130,347,370,160,237,352,309,162,339,145,217,282,328,130,267,126,217,267,301,140,378,323,233,373,182,242,165,273,262,186,188,199,255,348,398,247,141,146,319,149,312,385,279,295,146,133,158,125,206,256,355,390,326,389,135,357,120,360,158,173,264,144,250,339,147,301,305,325,174,177,256,345,287,153,181,246,211,264,205,163,263,233,361,175,315,391,157,305,333,200,188,296,400,318,357
IMG037,21.1,46,4.0,E,338,Grassland,130,345,207,192,299,129,303,338,182,340,136,144,160,235,194,327,241,344,334,237,149,150,190,132,211,124,269,374,335,294,373,232,155,152,361,335,150,178,205,250,331,291,212,193,255,237,239,273,292,247,308,392,288,338,263,129,229,126,345,137,141,181,196,281,289,321,353,169,349,279,384,123,196,157,320,196,391,311,207,203,288,346,381,310,262,172,286,282,177,151,132,325,144,266,222,142,384,138,309,349
IMG038,17.0,62,6.2,W,373,Grassland,353,337,160,364,309,390,226,210,142,350,178,231,289,168,269,384,163,166,398,185,263,277,352,378,246,337,222,149,291,345,233,210,167,271,332,208,231,312,181,267,382,211,224,375,259,124,247,361,394,225,302,254,390,146,388,318,127,361,196,255,286,326,323,240,130,322,240,212,384,326,378,257,378,362,231,156,272,153,265,252,186,231,181,126,161,247,237,127,274,228,366,128,191,144,199,309,224,294,222,284
IMG039,28.7,77,6.4,N,393,Hills,314,360,195,196,273,392,203,165,194,172,209,325,331,292,267,390,264,300,147,294,230,231,273,209,199,130,143,383,256,126,139,260,204,277,220,400,165,387,325,148,199,311,171,395,160,362,330,300,183,284,155,351,227,342,258,371,188,229,342,366,334,273,123,381,146,143,209,339,383,137,301,298,211,320,247,254,299,153,135,182,313,267,345,204,258,326,219,271,174,120,333,372,200,228,222,367,290,225,394,362
IMG040,23.8,41,0.5,S,326,Mountains,238,378,165,278,315,302,369,157,167,352,318,304,287,201,127,259,169,225,354,195,351,366,209,223,357,236,331,217,297,246,135,337,147,260,175,376,324,379,224,281,284,196,300,190,169,140,130,133,220,334,156,158,166,297,171,169,309,233,286,367,177,393,284,335,202,224,319,139,229,222,140,356,219,355,155,261,272,295,352,400,274,388,150,381,192,335,393,214,138,301,270,227,180,300,359,264,227,367,249,209
IMG041,17.4,88,3.7,NW,114,Grassland,139,381,279,217,381,272,140,261,279,277,145,166,158,164,148,356,184,318,145,233,298,241,318,305,301,303,184,234,196,211,264,196,315,370,358,279,171,214,369,180,371,400,176,197,377,271,295,299,185,190,133,166,218,267,136,261,298,395,311,317,149,167,247,168,157,394,299,324,319,189,315,137,314,134,353,373,353,315,160,163,279,322,309,378,386,187,294,333,270,293,162,217,137,370,384,296,280,261,360,298
IMG042,24.9,80,6.3,W,291,Forest,380,124,199,221,262,243,315,219,237,388,144,347,364,139,328,191,283,225,173,230,191,392,280,369,144,235,328,395,307,309,327,271,327,231,350,353,257,244,132,244,131,298,239,249,389,247,252,383,164,323,242,155,133,346,284,390,182,215,208,120,225,256,164,211,206,179,195,210,345,238,331,128,311,263,166,167,142,277,374,272,303,175,387,166,313,181,278,183,227,288,233,394,361,322,152,314,159,312,253,177
IMG043,15.7,51,5.0,SW,218,Mountains,375,380,205,251,220,233,297,309,219,140,386,158,270,340,247,274,260,399,148,368,329,326,145,374,275,281,370,400,134,172,138,358,323,263,211,250,193,160,282,190,331,357,162,162,253,243,133,287,206,272,202,214,313,305,132,135,187,308,151,309,286,120,337,248,275,134,256,292,304,258,135,148,187,196,234,374,213,364,400,389,385,304,131,213,274,329,346,184,166,367,200,190,177,289,154,132,145,327,276,382
IMG044,33.2,84,8.6,SE,127,Grassland,341,173,211,221,363,397,126,154,286,172,300,135,230,242,235,309,247,379,283,322,339,229,240,195,124,186,236,394,333,361,285,234,223,328,398,168,160,373,162,362,231,254,254,127,353,265,169,333,186,186,278,132,276,160,309,121,325,273,256,164,273,354,354,147,305,204,257,308,150,279,321,263,361,382,374,253,364,190,245,290,287,173,310,343,365,171,157,389,326,227,260,158,176,294,368,285,202,367,277,255
IMG045,20.2,51,6.6,N,301,Grassland,345,166,267,138,131,332,189,266,275,394,187,141,166,353,263,387,358,227,389,266,199,397,331,227,239,319,235,380,327,251,157,213,349,343,228,266,196,126,230,368,330,399,379,132,247,396,191,269,378,209,221,265,273,310,383,277,125,177,275,151,126,375,255,267,301,316,129,121,221,351,337,268,209,304,342,327,279,233,127,275,264,156,144,398,337,235,317,144,247,383,149,209,216,289,169,269,292,261,309,357
IMG046,28.3,75,1.6,S,138,Forest,172,334,280,201,358,291,246,149,126,400,168,332,182,340,354,226,306,138,154,154,202,175,182,275,396,150,356,326,288,231,300,167,220,162,287,121,306,335,324,340,358,138,316,332,223,271,188,135,324,379,202,184,234,198,340,149,238,169,369,237,316,226,287,184,262,354,320,287,378,267,212,183,129,174,243,220,128,262,295,394,305,330,210,122,372,184,255,219,304,149,149,338,334,121,399,164,292,341,219,362
IMG047,21.2,59,0.7,W,372,Forest,399,296,321,398,168,293,279,203,315,333,294,268,344,122,126,351,327,290,392,145,161,176,187,201,137,194,224,330,399,126,224,310,148,383,337,264,171,188,375,140,387,202,252,230,373,230,135,210,297,347,163,347,377,324,223,201,150,326,214,303,165,292,356,337,325,382,338,143,218,362,252,306,383,123,279,165,304,216,347,139,381,389,207,248,396,249,223,224,177,344,385,226,131,253,361,293,189,344,171,270
IMG048,25.4,67,6.4,S,330,Hills,200,128,361,248,161,232,367,400,175,150,171,360,188,301,164,161,339,314,327,357,392,233,372,196,317,356,378,334,265,349,219,131,246,363,341,180,206,188,263,201,177,347,374,142,214,235,175,239,399,198,187,361,264,397,317,150,125,171,136,310,137,249,212,170,261,125,179,187,385,154,258,346,387,159,215,189,254,331,137,333,393,339,393,368,396,296,312,250,262,208,218,215,130,246,271,286,125,303,168,366
IMG049,25.9,67,0.3,SW,185,Mountains,321,218,121,208,285,241,322,389,312,302,221,391,322,325,358,309,309,131,357,133,310,317,121,377,176,185,165,159,382,275,209,275,129,122,280,392,228,200,265,129,153,384,339,373,336,307,224,372,136,215,167,127,129,391,288,355,326,269,236,354,272,159,124,193,304,177,266,313,259,358,276,237,237,349,226,255,229,304,175,198,342,347,230,348,191,397,369,138,216,353,213,151,282,165,266,316,314,307,219,338
IMG050,18.7,74,5.9,E,225,Mountains,277,139,344,332,201,151,267,273,166,142,335,178,180,159,274,258,356,314,212,164,292,298,227,246,212,189,335,145,123,316,198,291,225,244,135,168,344,149,283,131,382,231,160,134,180,176,251,179,321,365,176,162,333,151,268,267,276,172,129,357,383,135,275,318,360,264,226,203,335,268,189,373,369,257,239,399,188,324,154,258,161,330,199,250,248,282,132,344,166,287,330,245,336,313,158,325,132,232,370,128
IMG051,34.4,80,9.4,S,399,Hills,239,360,352,262,277,341,262,221,267,151,307,321,280,178,300,222,313,301,292,335,126,338,168,207,138,139,143,146,209,342,192,296,286,387,397,250,367,192,288,382,154,370,374,249,387,370,167,385,291,391,194,363,352,261,368,296,186,332,199,335,193,246,364,311,127,161,157,326,151,230,134,150,178,222,220,186,255,335,237,217,123,120,259,347,305,271,174,225,310,350,156,266,360,328,308,201,182,300,173,132
IMG052,30.5,83,5.8,W,124,Mountains,178,180,196,184,335,238,318,334,394,193,176,151,135,181,334,290,378,263,198,352,274,396,259,323,312,345,154,309,179,369,295,176,376,203,176,162,188,381,352,264,390,283,121,180,360,269,367,150,381,276,141,300,290,370,375,154,259,185,253,193,264,322,200,308,191,319,253,168,207,136,354,280,314,126,222,123,215,365,373,271,395,142,333,296,132,355,204,173,259,245,208,399,164,177,144,187,132,318,256,382
IMG053,33.8,37,3.9,S,244,Mountains,334,297,235,195,277,158,273,269,276,129,166,281,213,251,207,392,365,301,229,312,129,135,337,135,356,318,143,202,135,202,215,322,396,135,181,176,239,208,390,311,346,287,314,234,132,281,392,140,313,235,251,204,140,217,161,142,132,351,322,230,221,253,366,131,214,293,340,151,182,345,331,334,169,283,285,343,238,358,332,317,312,307,137,150,339,277,228,345,222,180,374,143,200,197,363,216,368,189,281,344
IMG054,32.9,56,6.4,S,112,Mountains,247,181,273,318,253,387,261,202,321,173,278,374,257,179,375,340,255,149,336,170,153,180,163,270,396,158,147,289,346,359,222,304,184,178,361,169,186,327,179,369,144,340,361,186,266,239,230,338,268,137,386,274,134,255,321,225,271,270,235,222,240,378,256,358,276,214,252,289,398,259,179,288,216,395,305,120,393,127,180,392,223,137,173,185,125,225,162,134,350,239,333,328,374,321,342,286,324,205,200,350
IMG055,27.0,56,4.6,S,311,Mountains,343,264,222,262,186,352,284,229,245,171,293,373,157,241,192,332,399,203,225,333,155,173,388,373,346,264,135,286,148,382,343,240,390,296,209,297,180,332,354,233,353,310,268,368,359,189,157,200,154,291,239,394,245,396,363,216,228,324,339,193,295,133,182,200,160,336,172,248,193,263,371,200,246,168,151,228,296,197,207,275,366,168,216,325,358,374,190,167,168,309,133,239,186,181,349,196,372,158,339,297
IMG056,33.4,63,5.5,NE,124,Mountains,328,335,313,212,126,137,140,394,183,267,361,128,246,226,298,175,390,285,166,270,125,287,197,307,352,164,178,307,270,308,125,345,307,182,191,165,310,385,284,145,178,289,317,294,208,218,359,150,148,135,365,142,332,162,276,349,268,374,372,371,182,185,235,389,388,230,181,221,243,379,121,165,365,215,185,384,356,396,390,169,142,166,353,220,231,232,387,258,231,240,311,393,221,387,272,356,159,250,204,366
IMG057,16.8,50,9.4,NE,167,Forest,234,122,285,343,133,268,201,320,295,279,360,258,394,215,331,221,290,400,300,394,334,145,335,151,159,210,362,288,364,177,241,321,257,168,149,289,308,326,313,390,370,164,364,121,214,286,240,353,382,359,175,234,307,239,357,346,323,256,288,233,203,314,232,167,274,299,142,154,388,336,355,168,206,178,298,182,391,321,151,347,132,234,359,150,347,149,178,153,206,167,301,259,210,245,227,315,284,129,202,186
IMG058,18.9,59,3.9,E,166,Mountains,328,279,209,221,192,268,188,292,235,133,124,129,283,354,353,311,278,215,183,195,253,184,217,390,272,357,326,348,389,128,355,335,224,365,205,390,270,196,353,152,205,133,227,291,144,270,167,155,340,175,157,218,291,339,138,219,140,254,324,357,134,233,150,328,394,282,163,318,240,281,138,207,196,350,386,385,396,333,252,129,263,158,173,310,136,131,163,329,371,321,249,201,161,168,152,255,150,122,186,276
IMG059,15.9,62,9.6,N,332,Forest,133,346,293,386,282,245,250,325,323,297,203,333,196,181,358,319,320,385,365,339,245,219,355,124,246,189,390,216,198,234,235,162,153,134,353,258,215,166,302,181,370,350,331,173,391,121,129,251,172,198,364,223,366,165,172,174,179,173,367,292,253,278,126,154,273,238,165,196,331,211,168,240,323,296,156,257,257,213,183,268,337,336,206,185,192,296,391,138,193,178,343,327,395,207,230,155,136,269,353,284
IMG060,21.5,57,9.1,S,208,Mountains,128,388,241,229,185,357,206,182,150,172,367,392,293,375,342,352,164,344,363,306,293,193,268,288,356,285,368,135,272,329,282,142,229,374,354,366,382,229,351,348,299,276,275,186,285,271,352,251,398,222,140,170,124,355,204,314,140,184,190,198,240,280,122,238,172,347,266,133,267,293,197,122,265,209,320,163,251,194,318,177,302,329,380,354,131,165,133,315,166,304,162,152,393,380,240,367,256,186,317,303
IMG061,22.8,76,2.0,SW,245,Hills,159,239,262,384,249,254,337,192,232,141,173,167,210,168,238,346,383,161,206,147,271,311,185,300,174,249,386,398,396,160,345,274,152,211,384,267,216,319,226,214,326,253,145,221,369,184,155,128,195,312,229,231,350,167,392,127,364,121,275,212,247,373,362,184,298,264,335,250,197,324,147,346,268,155,168,381,163,276,375,281,361,381,355,397,205,290,231,234,195,342,300,143,196,298,135,373,284,312,378,327
IMG062,20.4,62,0.7,N,210,Grassland,356,208,225,122,325,270,280,370,186,149,280,230,357,278,383,258,190,365,336,299,145,290,353,297,291,333,312,254,398,292,349,305,350,398,388,349,232,329,342,154,268,156,201,239,206,188,123,149,295,124,213,363,320,317,332,247,192,251,221,169,299,134,175,361,359,261,166,357,133,272,167,198,230,290,394,335,242,272,274,226,312,330,242,321,299,249,347,194,215,130,288,180,353,188,346,333,400,216,296,135
IMG063,31.6,34,1.0,SW,327,Forest,400,187,242,204,395,355,297,243,194,310,345,272,383,243,326,268,222,327,126,372,234,392,206,262,228,208,337,145,176,353,301,368,385,325,305,399,244,273,199,312,190,172,202,310,261,240,163,234,129,225,255,288,268,203,223,151,195,151,132,342,201,156,192,155,256,241,143,399,255,222,215,264,248,245,287,240,255,261,350,305,391,172,173,344,241,364,288,269,150,400,383,308,321,179,130,371,342,138,399,360
IMG064,22.1,89,0.2,N,210,Mountains,320,217,128,236,375,343,236,240,164,379,134,242,298,326,214,234,244,356,397,245,194,306,198,367,303,371,234,131,305,400,368,356,301,213,250,244,251,129,353,195,240,137,250,166,253,228,175,123,236,397,350,191,191,150,311,212,305,362,390,200,132,274,129,371,374,345,264,184,399,321,284,361,372,323,382,271,245,197,154,165,284,400,335,202,323,322,365,155,141,308,215,203,340,368,322,189,241,217,248,349
IMG065,20.6,90,0.9,E,133,Hills,365,386,381,340,385,322,315,394,379,324,343,221,328,167,341,182,349,141,329,296,285,142,324,246,317,191,187,191,212,197,329,253,184,344,396,311,240,276,303,368,372,157,219,341,398,366,161,356,399,219,127,258,345,280,296,126,197,311,339,385,143,146,180,362,343,376,208,257,198,399,295,151,285,216,252,332,394,301,145,248,299,252,316,165,189,345,385,361,136,356,322,344,381,288,321,353,197,176,299,137
IMG066,25.9,77,6.8,S,210,Grassland,397,224,192,273,144,375,205,239,273,178,180,360,192,255,395,223,265,304,288,156,308,300,398,382,206,284,194,252,395,227,263,141,120,318,299,199,316,380,304,202,212,306,375,140,245,212,374,142,337,357,370,350,193,190,266,377,184,261,134,274,287,131,169,161,299,284,293,388,362,184,192,382,256,357,295,353,183,314,142,206,236,383,158,208,227,199,362,270,331,153,187,287,158,388,217,135,207,226,326,266
IMG067,17.8,48,0.7,S,363,Forest,354,242,342,272,400,205,200,283,274,383,241,310,226,320,350,275,316,361,257,218,197,227,373,159,320,168,222,225,277,400,215,207,252,390,282,213,241,196,253,144,375,315,168,277,260,387,347,135,294,388,206,358,288,127,200,339,175,267,357,352,389,186,241,188,301,340,183,347,312,236,148,330,398,292,130,230,351,277,260,368,385,230,347,305,320,154,277,182,267,254,211,305,130,231,235,293,232,207,294,363
IMG068,31.0,33,3.2,SE,335,Grassland,123,148,160,131,372,269,271,384,353,131,396,336,301,369,238,392,340,160,349,217,209,281,249,374,394,171,297,339,394,158,363,272,199,353,390,345,379,376,339,176,373,362,182,278,222,222,233,141,353,205,323,372,368,171,312,359,378,208,236,355,189,149,294,226,378,188,238,320,361,272,276,190,130,207,320,341,170,265,275,376,157,162,356,308,171,171,137,273,354,181,385,191,231,219,400,306,219,260,148,170
IMG069,16.5,64,8.4,SW,182,Hills,273,256,323,252,283,354,180,280,170,238,165,170,156,328,387,125,179,281,280,246,295,325,203,262,330,397,334,296,300,238,205,244,390,165,215,184,158,250,321,151,178,154,224,354,345,231,356,191,371,151,338,168,399,164,156,225,309,168,175,278,208,215,120,158,362,343,342,261,170,275,398,316,190,136,122,345,256,173,232,396,163,357,251,365,156,280,202,307,206,346,297,193,227,334,351,344,358,263,298,378
IMG070,34.7,78,0.2,N,141,Forest,148,314,383,347,214,141,180,208,381,367,181,200,256,330,392,266,217,279,120,287,140,197,395,359,237,233,158,252,196,146,303,198,360,183,381,207,173,186,265,131,188,334,224,269,182,181,293,349,125,170,360,191,271,157,273,155,125,255,251,370,308,334,157,188,215,243,275,219,351,283,126,177,278,259,333,329,277,396,258,397,193,366,287,165,236,203,350,342,157,212,270,272,213,232,230,393,230,171,160,357
IMG071,30.4,46,8.1,N,200,Grassland,228,345,297,390,389,388,147,261,244,246,205,207,175,311,183,303,290,208,355,199,173,135,306,347,310,358,378,141,270,223,240,170,147,349,202,207,280,347,246,211,205,338,134,376,373,255,374,226,140,198,377,382,343,350,249,164,125,310,345,221,376,313,309,299,316,131,297,257,378,201,301,231,335,373,151,190,175,202,328,123,345,123,156,376,378,145,372,212,172,235,166,215,203,216,131,131,209,331,311,365
IMG072,19.0,73,2.8,NW,105,Mountains,217,289,203,162,229,377,162,322,364,194,329,313,306,163,130,147,292,131,307,245,303,215,165,317,161,252,323,388,357,193,211,335,342,368,344,320,319,282,254,120,393,209,294,284,299,174,396,327,192,305,228,341,344,381,178,128,310,268,341,170,336,254,198,131,133,171,175,287,337,125,228,167,145,397,167,208,200,275,205,184,132,292,186,180,383,344,286,124,147,252,122,172,177,237,140,338,258,160,356,168
IMG073,15.1,57,1.2,NW,279,Forest,334,128,230,140,357,148,288,346,149,323,197,223,377,148,217,157,270,192,123,269,341,266,302,184,161,393,126,280,350,310,189,295,142,365,342,333,395,134,233,255,346,371,378,196,159,227,188,327,155,293,375,196,157,187,343,206,267,206,292,171,151,151,309,323,239,248,178,218,325,186,325,304,281,270,371,381,351,123,179,321,131,312,230,224,183,273,161,285,196,312,222,293,135,155,246,120,254,210,344,157
IMG074,31.3,59,7.0,NE,381,Grassland,194,159,370,226,144,332,205,341,241,168,321,390,177,178,190,238,241,195,251,135,298,121,387,130,395,285,168,226,137,266,252,372,228,194,237,323,135,351,383,315,200,127,330,204,383,377,349,382,352,225,339,181,163,298,368,296,377,127,276,328,260,158,303,155,388,254,339,185,239,357,353,284,221,259,318,307,247,390,173,182,169,122,338,133,161,214,368,144,319,149,392,229,212,243,240,230,131,158,233,151
IMG075,29.1,58,6.3,SE,325,Hills,265,144,126,236,260,169,296,160,244,198,342,215,242,190,177,363,227,320,337,147,395,129,219,227,136,362,145,398,192,374,398,365,226,276,311,208,292,314,183,252,233,375,378,165,308,372,186,170,335,182,202,276,304,305,359,249,337,342,270,250,280,325,186,245,290,264,304,166,199,191,306,334,188,233,208,231,245,183,212,262,368,397,328,196,162,344,367,217,292,180,141,170,284,159,243,396,363,132,397,362
IMG076,29.6,75,8.8,W,328,Hills,247,380,203,243,236,214,136,315,156,360,341,317,307,211,370,187,123,129,379,292,231,244,197,145,377,257,280,354,308,332,256,346,264,342,198,180,367,149,254,205,303,327,221,166,127,341,155,184,325,195,226,244,360,320,323,314,209,135,304,389,151,162,136,182,191,246,166,350,161,214,127,240,252,187,228,358,199,231,384,363,238,175,206,349,244,386,139,387,393,147,235,372,334,260,152,248,301,215,136,160
IMG077,30.4,82,7.4,NW,388,Forest,161,345,327,400,144,207,217,187,289,273,122,120,349,384,395,333,212,345,120,165,343,200,391,270,182,198,295,137,136,242,306,225,258,309,197,390,337,339,160,398,399,250,379,332,223,286,278,384,163,200,188,348,329,132,218,130,129,225,297,324,271,378,328,201,298,345,221,265,140,197,172,332,308,298,227,375,294,358,332,299,176,393,298,286,389,160,161,269,169,196,223,192,263,145,289,212,314,228,205,222
IMG078,16.5,35,8.0,W,249,Grassland,160,243,141,322,198,163,317,383,243,393,125,286,287,339,169,337,125,295,190,355,333,259,281,340,181,289,198,361,138,325,340,312,218,171,266,213,206,266,122,299,173,343,278,178,344,279,268,294,210,247,216,280,142,333,295,241,206,223,140,338,379,368,160,153,289,190,163,326,129,186,318,160,330,244,159,269,264,263,129,293,301,295,132,185,352,252,206,371,296,240,378,331,393,261,196,158,241,223,300,226
IMG079,22.2,64,2.8,NE,376,Forest,153,157,122,170,187,397,217,121,154,215,212,245,233,334,335,296,225,395,297,333,178,269,163,356,219,242,121,236,338,359,165,155,242,207,226,146,201,378,313,123,316,316,164,173,153,285,146,271,212,302,331,148,243,339,381,354,369,265,231,376,335,193,234,359,278,392,134,265,272,295,256,287,362,352,171,246,245,139,322,230,383,235,244,151,251,185,380,203,346,122,249,331,257,176,182,278,172,350,264,365
IMG080,17.3,89,1.8,NE,297,Forest,136,370,246,390,292,290,184,244,206,333,127,200,371,396,171,283,265,158,308,204,228,248,357,356,138,295,251,263,239,141,397,323,200,185,390,333,181,262,229,245,299,261,370,131,355,324,191,385,202,362,356,233,205,363,390,150,270,154,290,304,398,393,219,216,273,306,355,271,205,291,378,153,285,266,231,393,301,183,315,294,225,203,352,215,121,329,359,291,246,156,167,370,323,269,389,305,292,162,344,206
IMG081,32.3,70,7.5,NE,169,Grassland,284,295,307,396,131,308,124,229,253,328,354,370,226,183,390,177,390,179,127,351,276,358,253,338,136,201,395,324,220,378,311,386,129,269,363,193,161,354,340,294,341,371,284,311,347,386,367,282,140,304,127,198,162,377,262,343,232,232,257,264,217,309,258,168,201,122,170,398,232,374,291,394,180,230,187,258,338,200,177,272,310,278,370,177,234,272,286,340,140,266,146,287,329,324,335,375,298,328,173,185
IMG082,27.5,66,8.1,SW,211,Grassland,272,209,133,260,247,303,121,205,315,207,227,288,156,364,203,388,215,185,372,204,310,177,311,270,365,206,236,158,153,224,127,387,127,139,192,180,131,234,123,370,393,215,312,125,307,257,220,357,347,339,308,142,159,177,308,272,149,172,352,297,149,257,136,265,176,141,153,259,308,182,205,316,398,357,308,222,397,316,375,336,256,199,245,223,120,291,338,228,318,211,134,382,138,195,309,358,178,207,187,257
IMG083,21.6,53,9.9,SW,103,Mountains,195,156,131,394,215,122,141,239,393,383,280,192,211,181,245,177,348,243,363,184,319,317,397,242,370,344,283,273,203,377,395,289,324,152,145,305,353,209,363,140,363,145,128,263,141,367,309,318,249,190,200,225,288,155,391,331,247,200,149,133,209,285,193,244,126,285,243,270,231,365,165,310,232,122,328,361,202,188,342,359,307,185,354,253,184,178,252,146,308,392,382,349,281,329,194,223,173,212,226,319
IMG084,16.3,58,4.1,E,194,Grassland,206,295,206,171,211,310,231,246,320,276,328,260,137,289,191,224,321,283,242,253,315,330,137,263,200,135,147,295,315,323,298,158,316,400,329,150,250,327,285,224,273,230,184,380,159,174,215,135,294,273,227,250,294,312,139,211,197,223,280,365,267,397,382,308,231,365,196,140,294,311,305,340,149,330,184,236,260,305,299,345,239,328,257,336,244,303,326,365,271,206,384,358,249,377,293,148,376,293,196,212
IMG085,21.2,78,3.7,E,251,Hills,236,200,131,146,260,237,176,374,196,275,359,189,182,388,355,347,331,278,151,270,154,164,131,308,158,282,120,360,321,381,158,258,317,165,211,338,234,283,145,185,392,242,300,192,292,328,397,395,227,364,186,292,139,169,165,248,174,361,197,306,263,145,135,176,167,353,242,373,123,190,275,129,280,144,181,333,214,286,154,305,361,129,168,186,375,299,170,174,279,159,253,394,163,378,186,208,364,245,146,397
IMG086,21.5,75,7.8,NE,236,Forest,146,233,144,276,150,138,185,302,178,258,169,381,269,386,175,366,125,176,265,234,365,216,299,374,155,217,307,253,130,226,297,171,149,192,244,131,337,203,136,382,254,305,398,293,298,136,136,358,190,259,293,383,228,151,214,316,153,150,397,378,186,192,133,228,199,277,324,183,341,348,128,239,353,303,377,136,313,324,222,167,191,318,305,297,262,131,225,252,215,297,195,262,202,303,212,170,268,228,274,139
IMG087,29.6,82,3.4,SE,346,Forest,253,159,362,358,139,142,217,135,245,240,130,364,258,173,229,307,231,197,275,183,356,398,242,187,316,275,175,165,337,370,281,260,139,252,192,151,256,196,335,168,127,287,149,351,205,187,382,188,169,190,162,121,312,217,183,161,224,311,140,159,177,234,400,124,152,270,347,337,340,182,234,242,289,180,253,298,229,283,280,327,362,178,324,366,365,187,303,171,194,161,149,189,243,130,172,266,135,166,191,209
IMG088,27.8,60,9.3,N,342,Hills,338,343,241,275,265,149,263,181,228,184,275,122,305,135,311,202,225,313,135,277,223,142,365,223,277,121,154,169,372,340,223,265,167,174,242,279,225,280,211,135,247,170,385,389,252,252,226,125,214,165,306,352,363,162,250,347,291,352,262,208,400,170,123,143,234,332,189,191,290,364,273,366,305,242,241,343,171,213,319,276,250,353,197,354,235,321,320,372,201,185,245,293,146,279,213,155,295,333,299,169
IMG089,32.7,64,8.6,SW,130,Grassland,287,234,266,255,279,227,244,277,343,226,189,182,304,127,212,305,258,134,166,196,126,163,341,278,323,288,231,285,341,341,280,303,249,180,303,356,298,124,150,264,175,124,336,341,132,307,187,339,398,166,319,370,399,166,128,313,141,217,155,244,398,290,246,340,122,337,349,281,332,126,249,340,176,174,290,389,222,368,279,344,388,363,313,250,209,125,130,388,247,243,203,228,126,379,232,220,147,211,166,129
IMG090,24.4,89,4.3,SE,139,Hills,217,305,174,263,162,400,286,387,397,266,288,168,324,223,175,371,215,131,370,265,120,146,170,209,315,211,155,225,199,377,242,271,251,127,306,346,135,197,324,369,245,196,224,171,147,257,247,373,251,198,158,227,347,389,322,137,224,153,333,128,355,387,125,129,123,365,140,249,372,379,200,380,359,282,329,253,220,187,302,263,171,173,222,231,161,134,373,198,252,264,173,322,318,207,348,226,248,300,361,198
IMG091,17.4,62,7.5,S,328,Hills,387,175,357,225,373,247,205,154,187,256,391,195,379,178,179,357,333,220,306,344,338,216,190,375,335,300,336,335,126,320,173,320,173,391,317,300,361,210,326,194,278,279,303,235,203,293,215,226,395,268,339,395,155,182,293,362,268,362,151,203,247,122,248,284,379,395,227,188,243,208,266,177,376,306,208,233,261,140,255,230,181,128,224,173,154,161,269,137,258,239,382,304,231,303,369,224,342,160,396,156
IMG092,29.3,81,7.5,SW,135,Mountains,356,159,292,277,249,348,195,386,188,281,187,294,333,159,257,303,141,275,150,222,349,155,167,339,315,350,199,265,391,377,153,247,400,365,197,165,345,206,226,185,178,327,267,145,399,216,120,237,132,249,123,299,164,138,192,395,391,178,305,140,328,329,351,334,161,270,360,344,247,296,388,247,320,158,286,251,320,204,345,251,238,220,330,358,160,150,215,377,365,228,341,211,208,135,328,340,363,378,224,178
IMG093,30.2,90,1.0,SW,322,Hills,292,159,340,265,179,230,178,183,284,219,371,228,375,356,158,329,312,244,379,207,291,228,138,128,271,267,202,191,346,344,361,372,384,295,305,199,361,389,265,244,177,376,224,172,382,290,299,287,122,246,240,332,147,220,203,246,395,378,293,400,305,234,314,245,128,315,370,365,332,323,252,306,225,304,147,258,318,143,362,232,383,322,369,359,243,300,225,226,231,211,121,378,247,363,301,195,357,240,214,207
IMG094,26.2,50,9.0,E,105,Forest,309,356,238,121,270,255,257,169,281,260,167,302,254,213,147,216,269,399,136,287,206,174,381,131,133,399,184,392,135,321,232,385,334,235,372,254,260,223,220,206,259,324,166,148,285,273,300,370,343,238,196,191,273,156,178,194,291,136,173,291,288,286,184,386,264,140,254,187,231,253,169,324,220,202,357,351,336,230,225,208,358,272,320,231,176,381,262,166,322,179,265,325,349,205,386,346,351,196,338,223
IMG095,30.4,61,5.1,N,319,Hills,241,381,302,196,124,305,218,374,161,202,303,311,180,341,168,327,366,229,158,289,160,311,203,363,265,308,247,366,131,345,142,307,162,390,132,379,318,294,360,160,295,374,206,138,187,302,354,201,294,381,298,294,142,226,140,181,166,197,280,144,291,384,222,399,216,376,209,226,204,201,142,205,216,314,182,211,165,202,190,280,374,229,143,207,354,140,285,365,289,346,137,171,137,318,400,203,211,214,289,396
IMG096,24.9,52,8.3,N,174,Forest,165,335,201,251,385,263,311,268,228,296,306,184,207,323,244,256,386,265,158,254,242,338,274,301,176,247,141,305,360,355,165,349,193,312,195,366,231,173,366,305,227,130,248,398,345,361,127,173,209,363,252,242,326,211,276,305,233,325,369,222,379,346,396,207,395,136,198,228,123,140,207,223,272,153,374,386,147,197,196,194,292,385,202,347,215,301,120,208,206,359,135,300,280,129,274,195,122,388,247,223
IMG097,25.5,62,3.2,NW,103,Forest,183,266,330,209,249,191,362,395,170,317,209,390,326,257,132,303,370,335,251,169,297,304,172,218,330,126,335,189,140,302,254,390,397,269,170,278,246,330,282,385,330,127,377,236,289,146,146,359,360,222,348,346,210,304,180,297,394,285,370,309,324,270,277,233,261,170,296,222,184,247,231,262,148,232,160,218,121,259,173,400,356,271,298,327,251,303,165,322,238,331,278,122,400,283,202,368,200,137,319,373
IMG098,23.6,32,9.0,W,233,Forest,249,287,269,382,386,248,168,291,369,231,258,219,248,326,155,195,122,281,149,253,182,188,226,316,387,166,226,269,297,319,237,378,361,250,394,322,140,214,292,390,193,151,266,225,205,179,265,131,154,156,395,202,157,335,183,285,326,231,398,355,254,387,343,140,397,389,221,260,239,314,230,324,272,349,148,326,136,390,396,126,214,202,325,393,295,363,361,359,217,217,328,203,285,143,305,374,163,290,154,349
IMG099,15.5,47,3.9,W,217,Grassland,312,211,156,227,297,380,151,320,140,175,208,151,122,200,220,261,195,247,277,256,284,249,254,345,329,172,228,365,347,365,308,317,249,221,268,231,266,342,154,161,286,147,191,346,252,321,210,328,133,261,271,372,347,147,287,302,361,264,290,156,165,235,397,267,146,202,231,184,362,313,191,248,192,274,398,127,196,288,230,232,176,253,159,189,171,268,397,387,359,133,324,333,379,183,258,169,274,281,263,156
IMG100,17.2,54,0.1,W,193,Mountains,300,178,178,193,372,122,396,154,258,298,393,247,361,337,205,356,206,269,397,364,306,174,188,222,136,306,300,381,392,230,250,175,313,389,338,238,208,128,140,212,352,325,259,305,297,369,391,284,314,156,283,265,321,155,322,147,315,275,302,391,128,207,301,364,162,243,300,253,256,303,273,365,373,284,199,212,284,316,343,155,186,279,232,339,157,375,122,132,257,337,232,153,309,357,174,329,143,171,185,261
IMG101,15.6,71,9.1,W,161,Forest,148,178,250,158,175,223,139,335,211,305,138,162,240,121,123,144,389,155,322,228,328,216,130,225,322,157,283,145,253,125,331,322,151,329,241,136,322,172,282,304,301,347,146,380,371,188,124,126,332,127,228,239,373,137,248,366,283,297,121,271,280,361,123,385,250,381,223,318,366,366,176,157,123,301,170,277,216,381,194,385,165,158,123,350,124,219,261,256,201,289,297,169,385,357,138,277,218,155,338,162
IMG102,27.7,60,0.9,S,293,Forest,268,288,321,278,202,343,273,184,399,337,273,197,221,297,342,186,344,292,185,140,346,206,262,177,218,345,187,259,272,355,232,390,225,186,330,346,204,196,216,334,241,247,148,135,134,140,201,197,122,350,245,184,157,315,364,141,295,255,313,139,225,159,334,336,335,168,135,274,164,279,376,228,356,358,231,218,224,334,133,232,213,295,227,374,332,174,180,292,355,399,328,378,398,141,386,352,290,306,175,235
IMG103,21.3,83,3.2,S,302,Grassland,386,388,362,190,218,129,187,127,244,336,379,389,157,398,285,369,137,141,227,209,167,238,311,197,398,172,299,218,185,246,163,228,323,129,399,236,286,325,174,136,322,374,390,392,342,271,338,184,298,226,359,400,340,197,225,215,390,137,285,256,207,301,336,359,213,125,215,198,265,313,275,171,157,256,209,344,143,186,377,342,257,132,233,261,239,305,344,349,255,329,243,377,336,299,261,196,267,367,264,203
IMG104,25.2,87,9.5,SW,125,Forest,130,164,154,360,268,350,333,195,230,239,227,281,252,265,397,237,232,325,387,231,343,327,188,194,328,343,300,397,256,223,247,235,120,168,145,162,191,231,246,384,148,331,293,279,320,221,237,221,159,137,265,225,306,286,241,241,229,274,366,148,311,328,328,351,127,236,265,369,295,229,232,120,139,385,348,327,319,348,308,330,212,186,286,188,328,205,289,317,122,375,134,391,326,166,283,342,242,171,332,378
IMG105,33.2,32,9.5,NE,272,Hills,283,300,212,155,275,338,262,293,258,294,178,308,321,343,249,192,370,246,341,196,122,273,142,161,248,273,288,170,211,356,277,211,364,230,292,234,128,284,312,233,321,358,372,369,226,214,200,290,283,202,371,226,162,209,301,369,291,391,363,150,272,392,193,351,205,237,121,206,161,185,166,130,232,306,269,192,154,280,358,137,351,367,380,208,336,293,253,362,178,290,164,301,272,398,371,240,231,138,213,206
IMG106,20.0,69,5.7,E,399,Hills,232,289,326,203,309,185,351,166,392,142,244,366,140,181,150,129,352,336,137,296,294,154,300,300,371,167,141,270,378,274,392,257,191,338,275,156,400,398,362,167,212,326,179,343,369,348,189,196,354,313,302,155,233,383,222,256,321,385,229,138,256,238,346,361,257,382,238,360,208,373,357,354,142,159,362,178,121,241,210,360,168,160,225,255,143,141,160,162,235,192,213,152,300,343,351,226,249,211,225,215
IMG107,23.2,75,6.3,E,232,Mountains,306,310,332,382,382,231,332,134,218,332,392,335,361,358,130,330,398,215,209,267,218,198,128,152,384,266,185,223,222,376,164,176,134,176,357,232,377,146,207,216,295,364,226,375,208,244,234,167,376,334,191,266,379,327,380,396,287,135,190,267,392,143,212,309,365,248,213,207,337,179,225,247,255,286,257,183,257,268,303,253,142,303,343,262,324,363,350,398,250,266,226,384,331,337,179,360,187,258,203,374
IMG108,30.1,53,4.5,W,217,Forest,351,274,278,291,199,132,198,266,371,354,226,287,228,314,215,271,321,283,300,220,235,186,390,190,390,183,140,208,174,354,227,169,172,232,201,154,394,189,334,214,330,164,339,299,244,377,382,374,235,400,338,381,124,331,232,180,221,131,283,282,268,377,184,348,140,290,310,291,347,237,306,333,367,379,254,375,181,312,136,339,181,154,381,306,345,179,345,198,320,225,397,159,392,356,141,147,336,339,255,255
IMG109,19.6,79,2.9,SW,374,Grassland,346,307,143,292,371,205,333,145,223,132,364,312,203,285,309,124,202,267,374,365,389,153,212,175,307,301,219,260,376,159,338,190,127,252,392,251,357,337,211,193,303,224,378,139,232,355,261,201,171,339,326,278,187,390,189,369,205,194,232,232,307,211,129,185,384,146,122,136,186,163,278,362,216,262,208,167,316,350,131,221,386,195,370,130,337,223,258,398,217,213,247,329,322,323,245,311,215,218,265,367
IMG110,16.5,61,3.3,NW,311,Hills,217,126,123,166,216,353,235,212,333,220,366,132,202,341,311,314,244,137,372,236,372,216,136,224,333,244,222,332,220,316,296,201,165,190,187,347,139,308,354,187,214,400,265,231,256,281,326,328,261,313,292,384,347,382,279,214,261,331,347,269,260,280,397,398,267,318,230,342,370,329,317,163,152,323,134,398,178,230,285,259,237,189,133,267,330,258,229,351,335,182,157,391,324,138,222,368,264,355,368,211
IMG111,20.8,76,6.7,SE,324,Grassland,174,252,339,260,379,209,211,351,368,143,127,359,188,180,385,232,294,314,376,211,214,288,273,319,330,298,166,352,317,392,347,224,233,202,163,266,352,243,303,365,392,353,171,239,366,161,230,328,205,277,260,321,242,392,359,303,332,298,135,374,250,268,205,388,303,216,296,338,160,155,296,125,254,295,293,317,384,264,265,288,207,353,317,157,145,278,176,220,243,273,216,255,272,299,340,332,152,326,137,366
IMG112,18.2,51,7.5,NE,119,Grassland,230,354,139,237,379,173,389,140,271,130,260,266,248,248,247,390,188,270,206,147,392,288,268,220,195,158,158,302,345,383,310,207,266,176,180,241,340,138,157,196,256,308,179,313,285,395,231,203,165,223,391,274,292,333,130,379,170,248,150,206,123,236,145,328,346,136,376,353,218,138,380,275,374,381,209,277,307,340,156,310,208,130,245,327,371,351,242,281,192,374,317,206,289,281,229,140,124,263,244,377
IMG113,33.6,52,7.9,SW,212,Hills,271,164,271,396,222,131,287,157,369,392,127,323,315,292,357,282,166,242,209,144,143,270,386,375,267,379,209,370,356,176,279,121,285,390,242,200,136,376,258,327,356,163,153,230,269,187,162,129,357,153,333,132,272,183,257,274,231,314,281,217,382,172,337,135,155,292,141,367,198,210,262,127,397,371,332,126,182,183,189,144,174,143,325,329,122,196,359,263,249,154,311,179,360,180,177,274,237,318,121,306
IMG114,31.2,31,7.9,NE,239,Grassland,365,368,169,333,159,328,177,395,394,400,213,199,259,275,231,224,375,306,356,177,235,190,225,193,332,122,204,128,145,217,386,203,258,230,315,292,208,141,314,373,384,344,215,329,187,292,247,148,129,221,388,204,386,131,286,305,390,387,312,251,145,164,214,339,365,220,339,171,318,331,316,124,252,319,180,367,398,245,288,152,272,393,259,120,121,137,205,228,146,372,126,283,364,204,184,146,259,383,319,243
IMG115,27.7,56,0.9,NE,146,Hills,188,150,296,339,392,133,145,276,284,213,158,162,353,229,264,300,334,268,189,253,270,122,154,290,228,183,392,198,240,256,309,162,236,195,230,273,315,159,134,340,254,261,208,120,340,244,304,235,271,246,139,399,276,329,366,188,184,149,329,216,143,384,363,376,192,305,292,134,266,341,344,301,357,318,339,351,149,337,289,125,358,146,181,184,211,141,295,352,284,276,163,122,199,154,177,196,349,336,257,379
IMG116,32.4,71,4.9,NE,100,Grassland,369,142,215,145,220,240,185,298,127,320,200,208,142,388,184,163,149,223,163,368,169,151,238,262,248,148,307,171,301,206,294,273,395,277,377,269,203,157,376,381,263,255,350,177,390,289,348,388,180,333,185,364,281,293,150,380,302,128,351,217,385,381,226,387,269,303,343,231,225,336,162,231,134,315,180,225,290,355,372,313,384,173,173,120,121,303,182,230,187,253,126,134,211,124,277,176,279,308,322,288
IMG117,31.1,31,0.6,SW,189,Hills,155,279,224,128,340,139,367,251,124,140,306,267,272,397,366,294,400,362,319,157,325,201,133,285,129,130,278,388,318,361,264,213,396,139,208,177,206,167,254,378,138,295,394,212,139,166,340,166,137,298,266,128,333,375,131,234,129,284,303,346,348,353,367,348,120,334,184,303,312,342,270,392,396,196,285,217,140,132,261,349,387,174,131,362,269,264,158,351,133,248,313,221,268,195,195,238,368,163,149,230
IMG118,18.7,55,5.5,W,241,Forest,358,277,369,390,243,194,373,147,264,330,203,214,396,193,342,281,356,350,271,194,198,162,133,380,166,216,362,345,374,318,351,252,297,250,317,182,273,302,120,193,350,261,365,340,219,380,236,210,205,199,284,366,145,220,362,127,353,312,134,264,388,154,133,238,188,370,396,126,241,217,182,384,245,138,131,387,320,272,392,256,232,352,255,144,190,157,257,357,217,399,120,374,149,372,138,284,392,308,175,206
IMG119,32.9,46,4.4,E,137,Mountains,267,158,236,129,350,362,163,379,220,259,207,270,180,326,225,259,367,325,205,261,189,224,385,340,215,322,192,170,241,203,323,184,273,241,319,275,347,194,168,244,253,199,230,330,371,336,189,172,256,260,125,397,308,135,227,384,363,379,328,275,244,316,280,297,349,335,368,170,196,138,249,331,136,181,335,179,254,358,344,335,285,396,263,169,123,400,360,316,398,371,181,344,242,126,309,183,305,313,238,132
IMG120,25.8,69,8.9,E,392,Hills,346,201,347,240,297,342,216,195,283,220,361,121,171,398,300,251,144,317,138,287,146,120,259,202,222,140,168,305,150,361,332,376,320,160,218,287,383,328,215,307,233,201,353,351,196,243,189,337,349,150,133,357,241,316,313,390,386,311,291,389,291,144,190,139,330,148,379,360,231,145,374,197,169,400,196,259,391,309,302,302,275,239,255,360,157,262,345,392,366,254,208,329,148,288,369,167,159,389,251,382
IMG121,31.1,62,3.5,W,238,Hills,363,377,185,244,182,189,161,186,266,147,212,141,272,323,303,206,193,206,220,378,390,180,238,301,265,158,220,153,225,400,159,332,234,286,146,285,342,302,320,373,258,254,397,381,254,281,229,196,247,182,251,322,349,377,252,368,237,198,385,281,353,321,271,155,191,221,250,364,289,147,333,389,254,369,351,309,142,270,340,287,127,344,340,151,189,132,325,205,231,130,137,142,378,249,198,269,343,379,350,142
IMG122,32.9,38,1.2,NE,358,Mountains,320,325,381,289,235,330,346,313,183,160,205,126,356,280,345,295,325,261,214,344,169,389,357,129,146,342,121,349,343,371,394,267,278,249,208,204,240,226,145,354,244,326,285,222,292,320,251,323,223,167,362,366,178,363,400,224,263,298,139,231,394,392,194,227,215,242,232,305,125,183,192,273,237,346,231,244,206,205,172,157,321,177,328,152,320,305,283,160,326,267,227,354,305,257,203,277,271,358,271,319
IMG123,21.4,72,1.4,SE,260,Hills,273,196,362,191,310,220,381,281,210,265,163,325,151,147,384,302,213,318,373,271,366,299,153,123,339,221,363,250,392,309,201,180,161,142,265,256,292,307,354,369,323,296,247,169,320,394,175,163,305,206,350,354,215,368,282,382,320,210,189,304,195,155,334,308,203,173,330,211,316,342,223,340,179,246,185,282,150,140,237,282,336,374,242,319,371,386,146,167,352,199,254,250,194,210,291,275,259,231,140,361
IMG124,17.2,83,7.6,N,277,Hills,192,131,305,271,181,305,286,376,236,375,256,233,174,376,397,248,246,165,149,138,383,343,288,400,137,165,295,239,351,271,300,268,366,398,301,308,123,383,363,191,180,362,356,229,336,325,208,275,297,180,347,200,381,224,397,343,358,334,127,324,333,342,170,297,347,221,139,225,217,199,277,144,244,177,301,179,240,301,278,261,169,295,235,353,273,388,302,196,180,310,186,277,164,282,331,270,247,188,187,358
IMG125,19.6,77,6.2,SW,109,Grassland,320,343,365,327,375,251,398,191,386,346,193,391,155,284,208,365,144,134,368,265,198,125,129,334,286,185,357,366,375,397,202,207,187,370,376,121,247,205,170,354,369,174,226,207,327,159,256,121,125,393,281,132,255,301,322,390,365,198,153,216,277,396,262,215,355,236,334,132,349,170,391,327,235,323,323,150,188,277,255,367,226,173,276,145,252,216,317,297,204,149,212,292,188,372,268,344,266,168,245,284
IMG126,23.5,68,1.0,N,360,Mountains,136,132,244,168,126,230,208,206,292,355,155,202,229,182,295,208,235,163,152,360,309,222,241,217,201,210,178,311,143,258,381,397,315,128,308,225,229,256,200,275,132,260,247,139,193,392,250,176,155,199,382,135,239,274,215,284,127,222,343,174,323,137,155,139,341,223,370,265,287,221,357,122,292,362,325,195,253,195,196,222,128,265,389,161,193,120,226,376,302,348,257,136,329,320,129,379,337,270,162,345
IMG127,31.4,58,0.8,NW,237,Forest,248,165,387,273,274,251,297,381,166,132,220,298,296,141,137,185,167,288,348,356,166,129,264,220,191,283,218,329,228,295,391,201,209,132,359,191,156,214,155,234,374,175,314,133,130,307,337,177,400,299,250,164,144,288,342,202,271,230,298,236,268,307,286,283,342,164,390,238,384,295,277,334,306,371,224,362,265,322,164,318,352,378,136,180,393,146,308,236,358,203,308,304,358,139,149,375,339,358,301,295
IMG128,32.2,71,7.0,W,271,Hills,336,274,250,187,211,139,316,333,259,329,275,329,216,189,225,277,345,163,131,154,308,190,342,128,373,230,121,222,310,127,319,248,230,171,315,245,190,364,186,347,204,134,262,252,375,212,295,373,133,391,344,258,265,166,356,253,330,366,365,212,194,376,355,216,400,233,299,322,127,129,228,231,207,318,361,377,382,348,137,319,307,271,388,160,390,155,155,138,369,269,178,303,311,348,399,180,264,234,219,148
IMG129,15.1,84,0.7,SE,112,Mountains,180,232,356,169,133,143,386,272,365,348,374,243,332,215,390,268,385,217,237,309,375,209,376,180,281,242,362,252,144,354,359,399,264,328,284,289,150,209,248,364,139,304,230,153,131,161,290,299,356,196,377,267,131,162,236,330,277,353,379,323,348,261,379,262,340,150,313,260,291,356,128,311,322,359,354,309,205,271,324,161,229,381,338,249,304,279,204,178,190,308,306,262,222,282,174,379,396,194,359,284
IMG130,25.2,55,8.2,SW,267,Grassland,223,352,137,271,348,346,387,329,268,219,290,232,256,282,286,235,218,380,274,120,341,345,387,265,157,312,330,258,306,282,299,389,394,157,390,324,387,178,274,133,169,207,209,327,197,226,219,276,169,340,353,355,206,340,311,211,177,201,227,308,181,255,311,181,335,283,198,234,314,219,178,166,301,258,295,296,135,382,202,266,264,138,357,317,124,150,274,315,347,140,354,163,360,284,246,281,361,217,319,142
IMG131,23.3,64,7.1,W,229,Forest,161,136,159,138,205,273,193,180,365,150,335,131,125,198,132,333,130,228,365,272,360,277,123,182,320,218,242,240,235,168,290,322,298,219,127,314,130,147,364,135,283,216,370,318,291,184,248,154,380,147,143,310,228,120,395,246,205,251,361,203,177,198,321,361,350,308,299,271,388,347,311,340,287,241,330,326,335,191,169,185,347,290,152,270,205,246,288,226,204,156,188,131,372,351,299,150,179,230,235,163
IMG132,19.4,79,0.8,NE,183,Mountains,144,342,140,219,252,349,127,387,124,135,289,245,228,124,151,372,204,223,366,245,388,347,225,240,319,278,348,213,156,157,296,143,360,312,157,277,151,191,230,161,211,263,399,199,215,254,176,194,229,196,390,220,385,319,225,310,174,354,143,299,393,181,381,357,288,314,282,176,138,183,255,306,300,168,150,334,235,344,400,312,233,316,156,323,333,381,391,153,390,365,217,127,339,357,351,190,217,375,234,380
IMG133,17.4,54,0.8,E,200,Forest,158,307,344,179,302,321,283,381,303,256,371,172,154,239,159,262,333,375,148,345,120,245,204,345,374,222,201,248,256,255,356,327,272,310,233,260,176,389,287,229,207,127,343,190,392,143,300,194,316,283,214,224,341,263,123,278,320,397,335,393,227,248,304,250,161,380,321,276,168,138,370,169,249,234,354,260,237,250,285,157,182,192,222,301,134,329,154,370,355,221,127,199,336,239,212,121,300,236,261,299
IMG134,21.8,53,9.9,N,372,Forest,250,282,127,286,181,157,204,337,139,285,174,259,158,297,267,369,292,325,280,340,153,328,333,224,298,400,263,210,346,338,257,399,223,170,175,394,285,143,261,397,188,334,220,274,298,147,365,197,371,128,261,369,193,147,137,129,241,218,174,300,306,376,277,212,377,326,133,252,277,260,265,316,268,370,361,204,389,147,362,260,394,204,330,326,392,269,303,245,158,351,253,281,321,226,127,169,233,295,238,258
IMG135,33.9,42,3.7,S,364,Forest,348,193,219,321,338,379,191,255,165,219,210,216,269,295,337,144,328,162,354,330,198,216,240,379,154,162,259,211,301,153,248,324,194,260,257,126,307,231,316,138,156,292,251,197,183,181,263,374,207,294,301,213,221,397,139,226,227,157,145,300,348,331,365,210,315,171,365,282,185,144,177,335,328,126,272,301,281,216,283,225,243,251,399,266,170,150,218,225,325,364,175,335,148,369,366,254,222,347,212,367
IMG136,21.5,89,3.7,S,137,Hills,227,352,359,265,365,307,174,212,131,228,397,124,237,336,338,396,183,364,309,144,355,193,251,374,201,203,148,182,205,198,168,271,247,287,221,173,138,175,228,185,372,342,132,197,251,392,170,384,145,195,325,339,256,160,241,206,251,280,400,225,167,173,229,252,215,168,133,394,178,347,296,340,230,338,315,247,307,165,175,271,205,239,261,323,372,219,356,299,302,296,233,367,331,317,315,265,176,225,128,360
IMG137,25.4,87,8.1,SE,193,Hills,291,343,206,283,349,176,166,228,189,292,220,176,380,175,201,189,377,392,236,135,217,234,316,326,339,310,389,148,172,355,283,145,318,228,296,223,235,342,198,286,371,159,217,291,391,348,337,186,381,364,200,252,310,266,256,186,317,236,305,248,387,294,218,242,133,125,218,302,278,208,364,209,256,196,388,388,223,120,158,157,189,335,358,167,164,338,241,229,306,332,207,148,273,339,282,298,248,358,192,225
IMG138,29.1,36,9.5,NE,194,Grassland,221,179,133,361,198,139,357,360,136,356,274,188,206,306,327,232,240,202,390,301,201,310,138,147,277,170,366,329,354,392,396,313,273,326,288,180,303,239,280,192,259,301,239,152,228,139,223,340,263,241,393,274,261,297,199,181,166,360,131,381,334,219,360,237,232,343,152,196,390,211,167,351,330,298,289,158,260,285,247,216,166,255,348,377,310,372,142,347,252,221,257,391,350,270,159,383,205,219,145,292
IMG139,22.3,86,9.9,NW,168,Grassland,131,341,121,188,268,392,223,261,266,281,260,237,195,351,320,231,173,229,377,248,311,289,249,289,123,329,131,131,386,280,235,357,175,229,380,206,389,298,138,231,287,389,318,395,392,122,174,283,179,304,395,147,192,286,273,265,347,145,248,130,373,158,321,317,196,142,376,163,240,161,219,377,265,264,351,142,286,364,241,227,318,235,252,258,241,290,182,240,149,141,227,252,221,384,373,323,319,295,358,168
IMG140,34.4,65,7.5,N,335,Mountains,394,156,160,294,257,238,329,356,273,335,292,178,333,374,157,210,391,309,299,161,372,323,131,195,286,245,225,249,219,294,143,194,397,315,342,377,152,400,246,393,173,306,120,126,287,337,376,339,387,151,327,235,286,242,144,272,364,255,327,281,206,382,241,120,396,264,153,325,373,200,332,272,203,273,303,361,147,338,366,238,320,180,244,291,306,376,269,226,374,138,142,124,296,339,204,306,190,368,264,242
IMG141,34.2,74,3.8,NE,236,Grassland,220,397,230,168,184,190,161,296,227,383,129,152,358,223,330,137,360,370,291,355,157,175,200,235,323,188,151,292,206,340,144,282,138,271,318,297,129,308,324,204,297,364,179,279,299,255,275,291,194,369,158,353,287,193,288,226,322,169,252,300,300,269,236,330,279,229,138,157,380,226,284,375,149,240,394,226,391,221,305,270,395,136,172,220,333,176,314,250,262,395,263,363,300,335,391,149,217,195,187,154
IMG142,20.0,49,0.8,N,175,Forest,163,315,133,227,132,123,387,260,355,382,347,169,284,196,368,268,362,331,393,153,133,327,381,188,313,384,193,327,134,128,246,148,278,362,330,361,199,185,148,258,225,350,369,359,177,122,172,373,122,176,243,120,173,358,178,267,380,273,315,332,144,240,215,382,238,331,271,141,254,230,245,377,184,243,151,261,169,323,327,193,156,153,207,306,268,128,199,142,222,266,263,149,351,275,197,178,295,122,307,225
IMG143,24.9,30,7.8,SE,134,Forest,136,361,350,345,332,340,382,308,189,393,384,138,206,349,346,346,137,252,378,164,328,160,244,353,354,377,290,143,220,232,353,284,145,247,299,322,311,368,326,158,256,274,259,143,198,312,306,329,182,263,299,359,378,368,160,305,297,339,381,393,341,297,353,331,280,160,379,192,393,396,240,184,143,269,296,264,275,321,358,176,322,139,217,140,289,124,272,264,193,159,175,236,131,335,332,128,352,200,250,315
IMG144,21.0,37,5.6,SE,100,Hills,176,338,203,280,361,133,378,168,302,122,367,333,260,377,167,333,306,320,254,253,208,151,386,120,325,307,188,218,284,324,328,305,288,224,369,150,309,195,399,224,309,294,268,333,180,192,269,307,355,203,216,177,230,382,157,297,143,259,222,140,168,239,186,206,265,291,283,360,175,333,207,309,330,387,184,399,240,173,334,371,249,327,214,129,328,233,136,273,174,286,227,297,305,233,374,286,194,127,340,228
IMG145,20.7,75,4.2,NW,395,Forest,131,311,249,238,332,122,233,309,369,147,366,316,279,383,137,270,263,214,290,140,175,134,259,286,269,349,256,258,148,305,212,173,142,129,350,199,187,256,270,400,247,234,163,189,240,237,383,310,348,175,310,302,351,371,236,385,294,168,239,394,294,191,337,272,282,305,196,273,215,350,336,210,341,120,317,364,259,399,343,374,183,281,307,306,201,384,158,226,355,210,125,380,368,280,210,398,262,206,400,244
IMG146,15.7,45,9.1,S,159,Mountains,199,136,350,268,300,335,159,255,347,268,274,166,165,301,315,311,381,397,329,241,213,181,121,337,278,308,219,293,233,316,213,161,166,267,142,130,244,283,359,242,166,137,305,335,326,273,369,334,394,398,193,145,280,230,394,268,393,261,302,379,393,338,134,306,298,333,256,356,233,240,180,292,209,280,146,310,135,397,207,373,382,129,375,252,315,292,321,265,179,191,149,354,385,217,312,310,142,193,396,156
IMG147,27.2,43,1.1,NE,366,Forest,335,131,264,269,292,348,339,162,221,147,153,286,231,375,306,159,358,338,355,189,212,274,127,392,398,129,265,148,226,385,344,257,132,259,167,373,178,352,385,337,124,391,227,223,153,328,330,205,137,392,392,196,138,299,389,366,380,165,128,235,154,242,392,180,208,171,327,124,147,253,298,366,225,363,270,298,168,135,144,378,239,213,192,152,365,339,399,371,143,259,246,260,254,276,372,361,300,242,259,307
IMG148,25.1,41,4.9,SW,328,Forest,383,312,147,262,279,305,248,209,194,184,248,260,164,157,343,361,195,208,305,167,204,328,369,370,285,233,128,262,249,381,399,306,336,309,228,295,216,374,301,180,376,131,163,334,189,153,144,225,199,285,168,336,169,307,246,373,120,282,164,144,336,363,338,214,342,189,361,340,121,327,309,375,291,370,387,231,283,132,339,389,397,226,137,188,159,324,207,189,141,358,240,169,364,281,397,397,164,262,173,142
IMG149,16.0,80,0.1,S,369,Mountains,268,141,185,279,283,174,127,364,335,140,279,203,366,295,348,257,307,191,214,158,364,306,258,293,187,195,181,161,203,367,130,323,313,213,125,245,394,289,224,219,269,311,197,173,136,256,271,138,334,277,329,381,294,326,122,148,205,387,363,373,328,194,393,393,385,315,186,205,331,376,282,235,349,183,204,333,181,206,394,153,321,224,283,199,287,143,189,150,151,197,218,389,150,161,262,273,211,277,120,380
IMG150,20.6,52,4.7,NE,385,Grassland,200,239,282,130,307,373,220,311,322,371,208,301,223,146,196,299,365,366,130,129,141,249,243,289,207,283,304,327,390,234,131,161,263,348,157,166,268,293,355,323,362,351,345,322,139,239,143,166,290,368,235,142,303,353,135,385,188,235,389,330,279,125,266,160,358,270,235,296,187,304,200,168,196,367,185,257,273,197,254,357,165,190,265,310,162,289,243,212,122,318,285,227,378,299,363,279,388,228,247,313
IMG151,33.2,44,0.6,S,390,Grassland,334,329,348,257,310,143,295,225,311,354,212,198,204,395,307,319,249,248,187,149,391,246,347,365,336,204,148,311,363,240,154,145,192,182,288,325,397,137,292,377,394,212,281,164,188,234,371,184,374,305,142,363,304,143,384,132,150,201,231,376,126,140,271,266,153,228,321,378,247,299,289,346,187,234,252,319,269,186,352,298,287,203,372,220,330,222,199,256,189,136,360,165,223,170,331,384,153,314,120,271
IMG152,19.8,57,1.2,SW,312,Mountains,317,389,380,197,375,281,226,352,368,346,360,334,253,259,389,322,198,331,329,363,241,233,129,209,120,168,233,279,333,260,347,175,275,144,322,226,384,189,277,124,327,337,400,317,334,132,179,265,245,197,217,277,200,145,358,166,317,163,174,287,388,309,134,365,286,237,369,339,143,167,315,188,211,120,201,126,192,330,185,223,229,328,279,340,298,179,164,282,279,337,169,201,120,371,314,354,285,155,292,137
IMG153,17.9,63,1.2,E,264,Hills,319,311,283,196,302,277,220,384,361,132,236,133,227,210,214,180,191,215,315,393,247,318,331,168,254,296,262,183,285,184,339,372,196,387,392,394,128,235,291,316,234,397,372,335,280,188,185,185,374,141,309,325,275,337,382,270,210,313,134,140,245,344,203,251,244,214,397,157,372,206,322,245,207,160,217,132,188,333,199,148,165,378,168,172,142,205,352,200,207,348,387,245,326,239,389,318,189,209,385,146
IMG154,24.8,31,6.5,E,104,Forest,144,294,129,373,236,201,379,156,298,168,213,334,137,180,251,311,382,194,217,207,232,132,231,269,304,337,239,362,398,395,260,241,288,400,363,242,392,199,276,299,314,148,251,303,221,376,172,124,191,227,301,206,394,129,253,169,135,377,156,205,209,222,311,242,343,375,231,261,349,138,166,332,169,292,192,199,296,304,374,346,331,358,295,279,214,374,273,195,178,257,192,203,254,194,138,152,315,320,375,143
IMG155,34.7,61,7.5,NW,177,Mountains,208,323,314,377,315,278,365,160,338,237,282,247,213,282,158,124,310,173,212,363,392,390,127,251,259,308,289,377,178,358,142,225,204,130,166,253,127,134,377,252,289,196,263,146,325,208,225,212,157,392,267,386,368,136,332,334,395,392,297,134,161,218,160,262,269,163,353,354,295,165,277,172,222,207,149,278,121,152,244,351,147,351,184,161,279,284,299,182,371,266,171,190,390,281,159,208,252,165,293,148
IMG156,19.8,52,5.8,E,161,Forest,387,283,237,382,153,307,394,136,201,173,218,367,269,262,191,356,182,173,141,134,249,208,372,178,225,349,276,271,209,129,202,249,301,320,368,226,327,295,283,372,201,128,385,285,264,166,215,213,323,371,142,253,266,364,134,251,281,393,246,169,278,202,380,301,308,186,295,322,340,175,313,231,165,217,244,391,238,234,265,236,206,325,169,166,363,286,150,219,338,329,384,294,208,268,217,214,366,226,164,258
IMG157,28.4,51,9.6,E,231,Hills,262,370,389,204,171,179,151,396,211,257,232,148,365,372,400,300,131,337,291,123,251,334,133,318,252,374,379,334,313,352,348,277,231,245,198,169,244,388,266,384,273,143,228,393,176,379,295,225,291,134,224,386,126,325,248,232,311,397,236,315,321,300,255,311,162,275,262,291,155,348,398,278,298,207,329,320,126,394,222,326,276,383,123,278,136,203,204,167,320,277,346,210,314,242,123,340,287,289,260,265
IMG158,30.2,80,3.7,W,188,Forest,178,346,199,265,231,330,256,178,294,172,210,399,328,388,279,156,260,135,253,310,204,397,359,334,227,355,201,285,242,314,199,350,349,309,229,214,242,238,273,212,260,134,313,222,202,347,158,252,342,279,282,387,276,377,241,371,270,202,191,364,210,271,397,326,148,325,151,244,121,264,388,359,386,370,391,269,374,317,396,304,384,304,238,303,231,321,164,193,196,272,312,368,241,260,152,188,396,265,146,242
IMG159,19.8,54,2.9,N,336,Mountains,145,126,212,161,371,271,131,302,358,163,325,321,245,306,306,175,373,218,144,287,200,322,361,168,297,145,361,150,255,131,278,210,215,208,132,387,152,307,157,269,265,283,154,223,388,299,287,198,336,324,186,172,290,231,360,172,232,177,230,320,244,175,225,350,239,393,300,184,393,211,318,269,387,260,332,391,194,262,243,257,384,233,283,365,222,209,362,311,374,282,358,251,235,301,284,356,275,297,352,247
IMG160,29.6,87,8.7,W,141,Forest,166,148,385,244,201,228,135,160,379,172,136,176,354,205,310,356,162,139,304,128,188,193,268,351,265,191,291,351,258,296,247,141,287,235,209,142,120,176,250,257,241,132,394,364,306,129,161,331,364,232,165,218,188,324,234,249,392,172,268,312,245,309,126,141,150,274,186,400,296,201,343,258,127,190,252,162,314,347,386,283,141,198,342,130,205,208,159,149,366,220,129,288,315,396,146,279,142,180,328,236
IMG161,22.4,90,2.2,W,188,Grassland,385,152,376,286,351,195,248,158,282,193,393,337,241,285,239,316,136,165,204,228,267,144,355,366,193,380,350,148,348,296,309,229,275,296,399,173,323,318,374,327,371,291,306,288,125,245,223,127,310,287,200,366,213,146,316,312,295,120,304,265,171,141,149,199,300,298,123,391,383,344,382,232,384,256,276,134,306,239,397,194,375,169,275,273,154,239,301,276,389,274,347,179,155,376,292,395,319,122,169,251
IMG162,27.6,51,9.6,NW,395,Hills,135,253,252,360,346,149,182,311,167,165,292,181,257,233,339,192,182,312,174,256,135,220,286,358,227,373,327,314,393,336,150,168,224,133,340,373,125,136,327,244,208,319,362,235,229,253,323,278,301,372,266,155,305,190,341,198,268,335,224,246,222,187,245,249,281,179,388,363,305,198,285,262,197,218,166,367,122,143,230,352,310,214,381,339,149,275,200,385,258,129,171,360,186,364,232,161,394,201,180,325
IMG163,27.7,87,0.1,W,394,Hills,318,198,395,399,352,236,228,386,235,132,235,276,234,302,172,178,372,177,370,273,224,295,139,287,241,390,194,375,169,130,134,248,312,376,192,354,124,174,214,353,177,195,383,260,257,274,127,387,324,305,341,147,289,295,333,176,297,347,266,294,306,304,198,395,247,193,355,134,134,269,299,257,359,270,141,291,303,146,208,374,351,377,292,274,311,307,157,375,197,302,359,309,252,205,214,185,169,382,362,355
IMG164,25.7,87,9.7,E,203,Hills,205,177,383,307,340,311,140,266,344,284,300,321,281,326,341,359,127,230,263,328,284,236,335,167,136,242,389,400,237,237,194,192,251,328,353,178,199,388,290,180,182,283,129,244,170,367,162,268,318,346,134,339,323,321,199,216,342,373,340,253,324,129,186,174,374,168,396,345,398,279,311,150,377,294,202,337,392,194,277,128,305,181,142,306,298,307,176,158,199,253,218,400,400,190,352,140,305,214,388,161
IMG165,16.8,51,0.4,SW,113,Mountains,369,145,290,138,161,138,277,246,266,221,210,136,320,375,250,121,209,248,286,391,320,285,254,170,315,263,233,206,321,283,153,172,257,400,379,283,393,206,369,385,399,180,285,144,170,259,229,210,284,135,240,221,161,367,382,317,378,278,125,185,133,185,142,185,373,390,160,250,313,275,335,227,315,286,353,256,171,360,335,322,302,261,180,181,223,381,149,174,129,125,200,351,130,388,253,189,139,183,259,279
IMG166,31.7,78,8.9,NW,387,Hills,389,345,120,187,140,292,388,165,182,399,201,125,353,354,356,307,327,313,343,262,316,160,248,217,371,376,181,268,310,158,315,287,389,224,232,378,296,148,309,253,191,364,148,313,206,295,329,355,361,275,197,382,132,237,254,254,392,185,379,398,223,383,308,346,249,192,240,314,317,275,226,278,250,376,179,346,382,142,155,210,321,341,253,267,284,171,385,147,243,377,132,394,337,299,243,380,235,365,276,371
IMG167,21.4,81,5.3,NW,278,Grassland,236,123,183,337,161,347,281,164,132,377,233,177,147,122,365,149,237,127,339,218,304,239,365,335,238,263,221,368,300,172,148,164,157,266,165,335,255,141,318,232,128,274,390,219,187,293,356,287,249,230,360,390,273,128,361,266,308,214,161,365,236,344,193,145,131,315,394,328,183,321,217,133,380,343,307,163,252,280,206,269,184,230,143,263,241,259,346,237,305,330,247,134,275,398,235,365,211,196,204,298
IMG168,18.7,71,9.9,SE,224,Mountains,126,218,240,221,232,302,379,120,308,257,376,288,130,327,345,386,294,148,298,188,384,216,308,296,281,378,329,317,197,337,313,224,164,398,393,302,144,167,340,310,213,376,206,124,203,193,168,312,346,120,137,343,393,205,389,291,209,372,378,356,212,242,124,372,154,298,350,232,137,236,349,241,361,184,177,139,344,160,237,295,162,223,164,222,253,138,173,328,153,170,130,160,359,268,132,354,172,378,203,244
IMG169,15.8,35,0.7,NW,122,Grassland,256,158,226,161,224,232,221,287,327,282,177,201,325,316,327,227,195,231,238,366,219,264,163,199,317,166,374,163,194,325,135,269,282,128,162,176,302,124,143,306,271,363,142,138,161,262,234,306,241,160,375,258,170,142,169,182,381,269,390,290,263,157,201,316,317,167,205,363,183,273,376,334,290,188,378,238,180,357,301,152,340,134,298,212,343,194,216,194,240,266,200,327,179,125,284,391,242,212,395,379
IMG170,26.8,44,5.5,SE,162,Forest,295,390,294,286,311,302,342,227,233,230,273,338,286,244,215,209,220,280,384,380,333,335,205,304,164,132,139,147,400,175,196,265,372,237,327,264,287,369,363,208,159,281,329,289,338,231,274,390,163,167,396,399,331,359,308,184,275,142,166,170,229,242,144,249,367,191,182,285,370,238,162,391,266,186,281,353,135,358,187,303,136,389,182,238,144,349,123,184,199,247,380,179,257,267,327,218,384,390,150,395
IMG171,28.6,83,9.7,NW,242,Forest,334,276,323,228,136,265,178,138,141,221,235,296,366,257,319,324,270,250,269,395,397,348,163,146,298,327,177,136,140,237,200,323,288,213,222,209,297,282,247,306,181,187,165,393,176,325,256,233,315,227,146,369,263,192,133,330,319,363,204,272,282,275,383,362,229,232,311,310,136,318,361,144,389,169,121,381,348,175,278,276,302,278,148,148,132,249,210,219,325,377,125,359,169,287,204,154,123,140,127,332
IMG172,15.3,72,5.2,N,252,Forest,201,194,284,155,239,235,366,191,333,136,385,323,166,144,366,339,389,307,334,198,281,249,264,314,163,354,231,246,290,372,243,286,393,263,243,164,214,321,212,251,373,396,147,373,345,250,286,130,323,280,121,197,122,146,351,228,174,334,293,199,172,186,121,331,364,364,150,376,260,382,161,288,268,210,390,202,314,217,283,172,163,276,215,149,349,174,208,165,172,170,341,215,286,128,367,290,288,181,399,309
IMG173,25.2,89,6.3,E,244,Forest,342,249,239,351,248,232,247,228,290,387,322,190,365,187,191,213,190,282,316,265,276,256,170,333,390,268,315,287,134,387,138,320,139,133,129,376,152,220,252,242,188,280,145,240,315,229,318,174,376,280,358,132,373,200,380,291,373,250,177,264,122,252,397,309,369,278,265,337,364,303,214,222,147,234,262,150,370,265,192,321,307,146,385,257,221,390,211,275,275,273,200,397,284,297,175,229,400,379,322,177
IMG174,19.5,66,7.0,NW,324,Grassland,222,294,163,348,249,370,144,387,173,301,160,385,246,180,304,222,299,316,161,230,370,392,361,233,197,274,211,363,330,299,221,253,358,376,306,140,230,190,174,167,364,378,385,151,367,186,190,377,136,247,132,201,375,203,311,131,292,267,318,393,187,259,343,345,282,393,226,394,206,267,373,159,268,176,307,393,167,381,238,393,382,204,174,170,322,219,269,359,393,189,122,279,308,235,291,129,192,356,152,322
IMG175,27.9,62,4.5,E,203,Mountains,392,203,275,283,179,370,250,359,245,143,224,217,266,148,125,342,243,323,172,377,216,236,170,361,297,285,171,195,167,354,196,330,389,305,150,140,265,282,277,298,289,214,294,268,285,205,126,184,391,329,303,128,217,318,322,339,319,228,328,274,365,201,191,365,167,387,229,171,318,285,307,354,399,137,343,353,354,159,314,294,293,128,272,353,386,188,353,378,254,395,179,328,211,215,260,321,256,260,262,199
IMG176,18.5,37,6.3,E,203,Mountains,133,141,326,192,167,237,315,209,396,148,312,327,237,138,325,305,314,331,370,212,137,213,385,243,122,209,127,350,205,315,348,167,150,326,275,171,350,292,148,299,297,365,123,385,181,394,319,291,128,270,313,332,292,162,380,291,221,159,367,262,257,177,187,175,190,149,395,277,280,194,286,208,301,391,299,147,240,312,208,363,173,395,338,174,341,136,178,255,217,398,340,252,194,175,251,376,375,286,156,347
IMG177,28.8,82,5.8,S,138,Hills,278,146,227,255,148,280,400,222,323,290,397,121,271,290,151,303,347,228,390,132,216,287,239,195,333,305,217,323,268,199,322,245,223,291,179,290,391,260,330,218,308,340,186,156,382,346,186,391,368,374,175,167,269,382,232,355,270,240,330,153,185,268,213,174,253,216,329,174,259,355,390,219,285,249,142,371,169,358,195,388,339,346,292,359,223,235,304,317,360,253,168,216,164,326,320,381,260,186,266,214
IMG178,22.7,89,9.0,NW,297,Grassland,271,314,370,189,216,317,273,369,313,347,356,243,191,193,218,281,394,395,242,379,120,322,319,315,193,293,355,367,307,254,180,358,289,389,368,186,157,257,273,153,379,242,254,296,231,129,257,269,320,337,349,168,398,211,155,285,230,239,158,358,274,250,138,395,358,370,258,133,195,391,244,263,136,388,156,372,160,161,340,193,165,305,215,155,230,271,163,306,164,339,347,338,172,224,298,300,327,177,347,123
IMG179,33.7,73,0.5,NE,233,Forest,227,355,249,315,129,379,252,127,288,307,340,399,256,180,375,366,225,192,385,228,335,268,367,163,170,336,188,333,270,141,145,126,305,340,389,232,254,185,341,189,191,306,174,132,372,231,361,265,178,149,147,159,178,203,198,306,385,137,371,257,206,188,247,272,187,126,205,388,138,298,280,201,269,199,226,358,141,341,258,215,379,198,242,208,188,235,299,235,318,282,312,190,294,154,148,185,379,331,153,284
IMG180,17.8,73,2.8,S,166,Grassland,307,211,139,388,361,267,346,272,271,349,187,193,294,272,306,150,140,286,148,308,251,302,189,305,186,383,164,334,260,344,190,391,247,271,336,279,354,317,234,290,136,381,150,302,318,143,332,328,259,164,190,399,232,254,394,289,210,288,250,373,152,369,201,172,397,211,163,209,169,170,206,196,164,321,348,294,301,315,360,292,314,335,131,331,377,149,195,177,233,255,376,393,280,328,155,280,382,249,356,161
IMG181,21.8,34,9.5,NE,278,Hills,217,140,120,168,351,359,308,293,154,238,316,285,138,395,195,171,183,379,154,214,379,271,176,365,212,216,256,277,188,177,222,156,329,230,121,385,279,347,277,391,176,392,193,264,297,287,300,129,238,199,329,345,362,400,397,171,296,317,369,124,187,296,373,230,151,232,201,146,351,194,345,178,308,344,216,313,124,129,273,274,180,176,123,364,287,170,263,189,396,176,222,253,186,400,228,186,390,144,331,348
IMG182,17.3,68,8.9,E,141,Hills,250,203,238,249,396,166,384,277,303,275,375,141,314,167,296,195,284,362,125,224,244,193,158,203,295,236,353,188,379,212,276,330,400,302,143,351,157,400,378,178,337,179,138,384,145,228,373,346,160,158,303,227,176,178,281,308,350,262,171,295,306,191,340,323,242,378,183,208,131,263,264,348,258,278,400,299,264,354,172,302,285,263,186,206,168,179,220,212,360,296,265,185,389,266,265,219,157,130,259,362
IMG183,33.5,33,4.6,E,114,Grassland,290,381,154,124,322,317,253,334,176,391,258,273,294,330,374,397,146,394,230,127,201,393,137,326,264,318,151,204,128,311,313,284,372,191,325,187,269,291,370,300,226,244,275,207,365,309,220,305,386,359,160,364,179,360,136,239,148,156,133,333,311,136,216,231,141,226,174,160,134,307,367,210,180,323,229,334,197,384,261,377,279,186,264,359,369,348,391,348,275,234,376,246,243,200,395,196,322,376,309,331
IMG184,32.5,35,6.2,S,210,Grassland,302,266,317,146,366,166,330,296,341,294,268,338,260,258,309,159,267,221,196,186,290,161,339,270,126,140,245,386,240,222,394,244,138,193,318,147,148,159,241,138,292,170,275,165,138,315,206,181,127,164,379,374,335,217,323,224,314,305,275,142,332,279,171,377,274,182,193,387,147,242,125,120,152,256,156,322,350,188,150,194,270,394,184,307,194,378,174,256,163,268,397,324,301,169,265,154,343,200,215,174
IMG185,20.2,74,2.8,S,256,Grassland,158,376,364,279,383,197,179,294,282,223,218,276,365,229,246,220,400,292,266,310,178,331,363,275,388,319,186,188,220,126,305,311,319,334,233,235,263,126,382,345,338,297,266,238,384,152,304,204,302,197,203,152,352,181,136,281,358,380,149,132,207,189,294,135,229,390,248,257,369,370,150,388,231,192,159,369,328,258,342,293,230,224,201,176,320,124,308,224,199,360,308,236,301,206,287,164,171,138,313,292
IMG186,28.2,61,1.9,NE,388,Mountains,134,177,178,268,333,243,332,265,138,211,195,349,212,302,373,230,283,290,186,375,151,220,193,135,123,367,149,218,268,247,232,337,339,142,399,170,195,293,168,214,366,258,206,138,139,324,210,253,253,399,165,142,174,383,321,160,386,350,209,360,227,232,301,285,390,318,375,125,217,249,316,316,156,167,204,376,282,338,385,350,156,307,224,232,153,147,196,136,257,242,297,386,155,310,376,269,200,229,271,396
IMG187,31.3,81,4.6,SE,330,Forest,123,134,280,383,319,194,335,280,383,305,228,139,358,147,332,368,343,260,127,128,280,164,229,284,257,395,233,335,265,174,284,333,255,187,274,300,264,270,196,200,337,289,139,339,225,301,367,290,300,235,278,173,327,232,329,284,333,373,286,395,359,351,234,399,234,265,350,361,158,371,351,393,219,137,307,194,287,315,395,366,122,283,300,342,230,373,338,173,270,188,135,268,331,120,394,187,330,153,342,348
IMG188,26.1,59,3.5,NE,256,Grassland,329,281,298,349,198,256,345,246,232,300,307,160,324,316,369,310,391,307,241,236,225,201,299,264,350,383,323,280,362,350,180,181,342,212,284,379,348,330,246,294,150,158,388,352,356,266,333,332,191,388,126,168,182,265,197,279,201,129,188,211,335,140,120,277,339,180,256,281,157,299,254,197,142,386,359,321,397,193,163,280,132,386,224,189,356,350,396,231,361,182,205,313,253,257,206,373,126,374,315,149
IMG189,25.6,76,5.8,S,137,Grassland,280,282,325,319,292,209,250,201,149,289,318,267,167,310,203,301,265,205,294,386,224,136,151,156,207,177,148,213,360,181,211,280,122,182,341,198,183,205,316,341,166,188,162,213,365,387,368,137,232,172,255,197,303,335,175,383,247,349,282,227,296,254,182,368,349,239,231,299,298,229,132,260,337,138,138,261,356,222,181,305,281,170,345,346,151,319,185,291,262,340,367,287,297,255,273,136,164,245,207,142
IMG190,19.8,64,0.8,SW,196,Grassland,135,400,131,169,188,180,195,266,254,306,273,227,364,170,132,328,149,171,298,218,347,192,353,164,136,150,250,293,162,359,272,185,355,343,210,392,388,372,340,222,253,355,147,370,200,130,245,179,226,187,302,241,400,375,199,137,381,143,361,348,172,382,367,300,371,180,265,125,216,197,123,190,208,219,380,325,295,344,320,262,383,245,147,375,328,390,255,263,169,135,336,298,285,273,217,380,396,328,136,124
IMG191,16.9,84,9.7,S,388,Hills,227,399,395,186,206,257,396,358,186,294,159,203,247,268,164,141,164,230,204,283,307,133,144,325,171,368,304,284,214,209,344,358,347,344,286,227,303,140,210,173,227,167,379,369,269,189,123,207,236,301,316,209,145,377,177,292,186,197,171,271,168,230,350,310,368,145,152,390,357,121,297,169,328,235,277,318,172,242,128,247,202,199,135,299,251,165,353,204,381,197,161,267,165,281,330,332,378,253,330,182
IMG192,32.9,69,9.9,SW,353,Hills,346,131,300,177,220,169,275,203,184,341,252,253,136,387,246,285,394,162,164,260,189,276,398,181,253,212,372,234,345,351,246,139,261,222,326,193,380,376,127,302,191,176,141,351,129,375,207,146,239,153,291,312,296,313,137,152,181,312,261,227,233,365,345,258,128,234,379,391,283,395,353,199,390,193,231,290,129,221,190,285,384,302,396,303,225,147,318,131,280,241,313,176,275,138,167,375,261,205,351,340
IMG193,33.0,81,7.0,N,295,Mountains,289,393,361,378,127,378,367,232,144,352,251,326,190,169,233,218,153,330,255,387,206,342,345,138,330,384,181,339,125,352,312,307,128,334,184,294,387,152,151,187,227,396,220,165,343,338,270,187,266,368,395,363,182,133,327,380,252,228,182,295,214,127,138,197,153,159,206,275,216,288,378,354,356,399,263,347,265,383,209,146,338,136,173,310,152,126,385,371,181,377,282,124,355,362,393,335,377,194,302,201
IMG194,27.7,45,5.4,S,185,Forest,153,390,335,249,319,226,337,344,156,281,398,385,388,365,395,327,260,319,135,156,175,251,176,126,338,390,122,150,333,271,234,201,309,311,123,303,288,379,388,147,391,218,158,165,383,378,295,397,329,230,197,268,192,222,254,329,256,399,210,360,144,326,150,169,347,235,384,204,376,359,259,274,328,388,375,298,346,280,143,365,265,289,233,351,162,351,162,335,174,336,395,133,179,248,313,126,156,254,281,361
IMG195,21.8,42,3.1,N,109,Mountains,370,327,370,334,206,232,309,362,120,253,203,192,126,232,324,127,340,359,314,193,232,166,299,368,324,213,187,130,325,264,381,321,284,279,276,142,378,353,310,393,290,134,289,133,268,122,330,159,222,213,297,265,286,364,129,283,147,382,271,264,251,313,240,204,192,255,149,319,381,142,184,179,397,244,137,394,355,352,259,254,280,399,157,395,226,318,347,245,150,233,249,399,124,295,371,318,164,292,189,372
IMG196,22.0,79,8.1,SE,104,Forest,366,146,245,291,162,373,282,262,156,343,361,167,222,289,392,309,141,234,128,192,132,226,351,236,330,273,144,249,186,249,137,251,258,326,368,393,346,122,282,238,235,298,249,204,397,203,378,228,243,298,146,260,344,364,188,124,330,387,276,133,298,166,143,302,331,396,351,129,377,291,324,152,325,235,303,181,361,394,197,321,348,333,349,352,384,213,346,217,288,265,382,335,300,399,381,210,239,332,179,171
IMG197,29.5,89,6.8,NE,222,Hills,388,191,336,377,228,237,299,160,260,272,235,352,312,285,177,294,299,145,134,318,137,227,183,187,396,199,298,224,219,260,129,156,395,388,376,248,152,346,180,253,193,181,275,122,393,275,210,193,364,166,239,230,184,387,202,153,324,378,269,394,264,361,330,302,191,140,195,257,368,312,136,246,197,293,250,323,190,377,333,140,353,317,285,173,345,201,182,147,385,356,296,294,264,203,381,266,165,138,298,158
IMG198,32.9,71,1.6,SW,217,Hills,260,179,304,221,271,317,153,377,351,152,228,219,360,133,338,392,350,196,221,249,301,384,351,153,143,203,260,146,131,212,211,251,172,313,354,305,333,189,383,248,375,238,193,147,313,270,378,185,328,211,400,227,188,343,228,399,372,204,390,190,317,129,280,123,177,150,248,361,364,288,319,340,217,300,400,252,277,258,135,198,208,126,301,376,298,207,290,385,304,205,384,122,384,341,150,269,259,238,196,378
IMG199,32.7,59,9.1,NE,393,Hills,393,264,158,328,136,170,160,224,255,174,340,178,181,322,228,136,157,256,345,365,232,324,332,313,123,156,350,346,356,233,258,196,294,271,193,178,169,373,214,127,200,156,209,276,291,295,310,287,228,331,315,400,128,339,163,264,157,129,188,314,203,250,374,230,339,366,390,320,370,237,151,319,213,345,364,191,138,346,148,277,334,130,324,209,341,305,369,171,122,286,146,256,342,264,224,171,172,346,154,390
IMG200,30.6,48,8.2,N,258,Mountains,215,212,342,235,252,364,194,321,307,126,160,377,136,308,398,209,189,139,397,179,348,198,377,174,271,351,282,121,377,262,171,208,229,356,306,120,329,263,160,170,387,253,186,294,384,314,200,381,169,194,396,169,355,336,251,190,162,178,235,130,276,389,178,370,394,146,208,275,242,125,331,245,199,276,127,197,174,392,162,213,216,131,364,345,244,362,369,262,280,248,204,219,356,225,288,362,393,331,135,191
